sample	PANGAEA_ID	metaG_metaT	total_inserts	mapped_inserts	fraction_mapped_inserts	total_bases	mapped_bases	fraction_mapped_bases	db_average_entry_length
TARA_004_DCM_0.22-1.6_G	TARA_X000000368	metaG	216758006	170014824.003099	0.78435314635206	36482424718	24627403730.8183	0.675048435546211	631.414925731725
TARA_004_SRF_0.22-1.6_G	TARA_Y200000002	metaG	191273772	149154995.999216	0.779798476495858	33050958972	21894088622.5719	0.66243429248513	631.414925731725
TARA_007_DCM_0.22-1.6_G	TARA_A200000159	metaG	82677895	65394896.0005311	0.790959856930696	14459422208	10065505453.5881	0.69612086214753	631.414925731725
TARA_007_SRF_0.22-1.6_G	TARA_A200000113	metaG	98106202	82807963.9995519	0.844064516935962	15716522790	11684105218.5002	0.743428134493877	631.414925731725
TARA_009_DCM_0.22-1.6_G	TARA_X000001036	metaG	196311030	154588802.999897	0.787468758122744	34345204309	23278994355.0989	0.67779460985762	631.414925731725
TARA_009_SRF_0.22-1.6_G	TARA_X000000950	metaG	230253045	158435691.00032	0.688093792637225	39148193600	24245471965.9772	0.619325433344573	631.414925731725
TARA_018_DCM_0.22-1.6_G	TARA_S200000501	metaG	194764702	153797644.000223	0.789658713416268	33807232143	23082731609.4495	0.682774961044214	631.414925731725
TARA_018_SRF_0.22-1.6_G	TARA_A100000164	metaG	196227074	155869506.000537	0.794332315226475	34208305292	23493070703.6418	0.686765114585664	631.414925731725
TARA_023_DCM_0.22-1.6_G	TARA_E500000081	metaG	70852379	56054550.0003649	0.791145629709411	13257729231	9291842575.25502	0.70086229801166	631.414925731725
TARA_023_SRF_0.22-1.6_G	TARA_E500000075	metaG	70921831	53774437.0003053	0.758221216825399	12471851528	8413463097.34178	0.674596155867722	631.414925731725
TARA_025_DCM_0.22-1.6_G	TARA_E500000331	metaG	182945925	135947793.997561	0.743103701257961	32078718535	20572406462.4421	0.641310108444521	631.414925731725
TARA_025_SRF_0.22-1.6_G	TARA_E500000178	metaG	213362292	157550736.000332	0.738418839259242	36509375758	23513051510.1418	0.644027760594882	631.414925731725
TARA_030_DCM_0.22-1.6_G	TARA_A100001011	metaG	170316497	139232042.997673	0.817490057922418	29087479043	20984717689.877	0.721434733441674	631.414925731725
TARA_030_SRF_0.22-1.6_G	TARA_A100001015	metaG	226064029	174398873.002138	0.771457864276753	37872435439	25517158447.2547	0.673765976533365	631.414925731725
TARA_031_SRF_0.22-1.6_G	TARA_A100001388	metaG	185759820	130326300.994865	0.701584987511642	31711411531	18837985240.1702	0.594044362287526	631.414925731725
TARA_032_DCM_0.22-1.6_G	TARA_A100001037	metaG	184282270	132407617.997474	0.718504379165037	31395998812	19619491145.1928	0.624904188036024	631.414925731725
TARA_032_SRF_0.22-1.6_G	TARA_A100001035	metaG	192935658	135968142.996018	0.704733092915452	34468523123	20452764642.2132	0.59337513734569	631.414925731725
TARA_033_SRF_0.22-1.6_G	TARA_A100001234	metaG	120158305	93486160.9984889	0.778024964637183	20412238800	13382718722.7473	0.655622288856787	631.414925731725
TARA_034_DCM_0.22-1.6_G	TARA_B100000029	metaG	209450073	119740314.998108	0.571689058318487	35014779558	17352388213.1544	0.495573253129045	631.414925731725
TARA_034_SRF_0.22-1.6_G	TARA_B100000003	metaG	114676105	88172238.999052	0.768880657387623	19657849041	12837880297.8285	0.653066379289656	631.414925731725
TARA_036_DCM_0.22-1.6_G	TARA_B100000035	metaG	187167978	144622497.997619	0.772688253316594	32248846606	21129133028.9999	0.655190347957088	631.414925731725
TARA_036_SRF_0.22-1.6_G	TARA_Y100000022	metaG	120505758	95198770.9982922	0.789993545356498	21293071317	14179058487.483	0.665900107898606	631.414925731725
TARA_037_MES_0.22-1.6_G	TARA_B100000315	metaG	187140024	128495939.998657	0.686629921553592	31673505619	19065337955.5549	0.601933306179981	631.414925731725
TARA_038_DCM_0.22-1.6_G	TARA_B100000073	metaG	196201065	153820711.000002	0.783995290749322	32888132398	21843946664.9767	0.664189331295232	631.414925731725
TARA_038_MES_0.22-1.6_G	TARA_Y100000294	metaG	121121176	89180387.9996689	0.736290638390671	20229086781	12999973601.487	0.642637690085797	631.414925731725
TARA_038_SRF_0.22-1.6_G	TARA_Y100000287	metaG	123864222	94956861.9982424	0.766620582319908	21624283322	14070699328.2147	0.650689741652596	631.414925731725
TARA_039_DCM_0.22-1.6_G	TARA_B100000085	metaG	161360369	120715085.995965	0.748108638720112	28692681530	17910203085.0668	0.624208060384337	631.414925731725
TARA_039_MES_0.22-1.6_G	TARA_Y100000031	metaG	129671533	94439054.9995985	0.728294428350736	21863046972	14056783895.4861	0.642947157067751	631.414925731725
TARA_041_DCM_0.22-1.6_G	TARA_B100000287	metaG	215042748	166969104.002537	0.776446104578879	36495499531	24026893974.8268	0.658352242977738	631.414925731725
TARA_041_SRF_0.22-1.6_G	TARA_B100000282	metaG	205258331	149723689.999058	0.72944025837888	35044844581	21334024085.7422	0.608763552551429	631.414925731725
TARA_042_DCM_0.22-1.6_G	TARA_B100000131	metaG	197296127	158461803.001071	0.803167327258637	33354896724	22984819485.5165	0.689098805363055	631.414925731725
TARA_042_SRF_0.22-1.6_G	TARA_B100000123	metaG	186703977	140403451.99629	0.752011040430542	31732880846	19955044328.4493	0.62884439724497	631.414925731725
TARA_045_SRF_0.22-1.6_G	TARA_B100000161	metaG	186047950	136389659.995903	0.733088754785544	32482641308	19783451468.2031	0.609046883860726	631.414925731725
TARA_048_SRF_0.22-1.6_G	TARA_B100000242	metaG	225703126	170777328.004423	0.756645825119954	37415337514	23533955336.129	0.628992196778209	631.414925731725
TARA_052_DCM_0.22-1.6_G	TARA_B100000214	metaG	186015897	133319628.995696	0.716710943235655	32780527474	19542417416.5148	0.59615933367805	631.414925731725
TARA_052_SRF_0.22-1.6_G	TARA_B100000212	metaG	191805902	144620939.998293	0.753996297769259	33700077453	21182373420.9672	0.628555630191335	631.414925731725
TARA_056_MES_0.22-3_G	TARA_B100000378	metaG	194356268	127631149.996992	0.656686564886047	31249984054	17229019100.4782	0.551328892542999	631.414925731725
TARA_056_SRF_0.22-3_G	TARA_B000000609	metaG	154193234	104109961.997476	0.67519150676531	27147736134	15592465023.1187	0.574355995879546	631.414925731725
TARA_057_SRF_0.22-3_G	TARA_B000000565	metaG	156993109	112808788.996297	0.718558857231735	25283526505	15528518969.0876	0.614175359043239	631.414925731725
TARA_058_DCM_0.22-3_G	TARA_B000000557	metaG	162594766	119673774.995126	0.736024768442582	27958060605	17393102578.7532	0.622114059501058	631.414925731725
TARA_062_SRF_0.22-3_G	TARA_B000000532	metaG	140355736	100941703.997552	0.719184743525919	25383818135	15479410125.1051	0.60981409663354	631.414925731725
TARA_064_DCM_0.22-3_G	TARA_B100000405	metaG	190670593	114159905.996713	0.598728436307496	32062298644	17128181702.1826	0.534215649737512	631.414925731725
TARA_064_MES_0.22-3_G	TARA_B100000408	metaG	114742362	64096407.0005596	0.558611535298181	19610885256	9228154533.93041	0.470562874315275	631.414925731725
TARA_064_SRF_0.22-3_G	TARA_B100000401	metaG	300243156	217161276.012108	0.723284683338821	53582940683	32977513344.6408	0.615447993788505	631.414925731725
TARA_065_DCM_0.22-3_G	TARA_B000000441	metaG	204580974	136572067.996834	0.667569741831584	35169441663	20471139418.3747	0.582071777383699	631.414925731725
TARA_065_MES_0.22-3_G	TARA_B000000460	metaG	208994296	114964722.998005	0.550085457825149	35558991829	16305759168.0469	0.458555159450522	631.414925731725
TARA_065_SRF_0.22-3_G	TARA_B000000437	metaG	135582877	98661437.9978868	0.727683614486856	22819792516	14420380154.4673	0.631924244900845	631.414925731725
TARA_066_DCM_0.22-3_G	TARA_B000000477	metaG	70236356	49123507.0002775	0.699402842030664	12525467969	7551978863.97872	0.602929877164633	631.414925731725
TARA_066_SRF_0.22-3_G	TARA_B000000475	metaG	150344786	107894630.997028	0.717647973485609	25300379336	15583406113.3486	0.615935670623518	631.414925731725
TARA_067_SRF_0.22-3_G	TARA_B100000497	metaG	76813613	47966676.0001196	0.624455407404409	14235164008	7768765851.36976	0.545744737960434	631.414925731725
TARA_068_DCM_0.22-3_G	TARA_B100000482	metaG	120422758	73289213.0002988	0.608599356280303	19500359293	10590542751.473	0.543094749811847	631.414925731725
TARA_068_MES_0.22-3_G	TARA_B100000470	metaG	180066430	106599306.998552	0.591999891365382	31539717601	15645415284.2233	0.496054387111165	631.414925731725
TARA_068_SRF_0.22-3_G	TARA_B100000475	metaG	132104480	79846349.9997557	0.604418184756154	20885615245	11357700530.0874	0.543804929701865	631.414925731725
TARA_070_MES_0.22-3_G	TARA_B100000446	metaG	181835902	123180907.998044	0.677428971084291	30711658338	17978618738.6387	0.585400454145894	631.414925731725
TARA_070_SRF_0.22-3_G	TARA_B100000459	metaG	119377115	45704891.0001659	0.382861413598125	18728681190	6459489945.78205	0.344898280890757	631.414925731725
TARA_072_DCM_0.22-3_G	TARA_B100000427	metaG	156582866	101428059.99806	0.647759634173897	27326496444	15020487978.7346	0.54966753639699	631.414925731725
TARA_072_MES_0.22-3_G	TARA_B100000508	metaG	134534944	79178779.9997684	0.588536908297731	22852998101	11415079337.7664	0.499500296955211	631.414925731725
TARA_072_SRF_0.22-3_G	TARA_B100000424	metaG	197062809	112932623.996211	0.573079337340669	33405020715	16106230212.9065	0.482149984288865	631.414925731725
TARA_076_DCM_0.22-3_G	TARA_B100000519	metaG	198455366	82224021.9995855	0.414319973588346	32377316140	11991383655.5856	0.370363732550737	631.414925731725
TARA_076_MES_0.22-3_G	TARA_B100000749	metaG	209095158	117270487.998085	0.56084745873496	35302778925	16738750247.0482	0.474148232993479	631.414925731725
TARA_076_SRF_0.22-3_G	TARA_B100000513	metaG	210728621	81888545.9994963	0.388597171143147	34382334103	11553697880.2002	0.336035879518489	631.414925731725
TARA_078_DCM_0.22-3_G	TARA_B100000530	metaG	212359137	127106527.996352	0.598545133456407	35425470659	18355621453.2985	0.518147567607128	631.414925731725
TARA_078_MES_0.22-3_G	TARA_B100000745	metaG	217833141	121240938.997128	0.556577105028881	35153765045	16501056149.2759	0.469396553346507	631.414925731725
TARA_078_SRF_0.22-3_G	TARA_B100000524	metaG	214874294	125586207.995109	0.584463621298082	34925507767	17306509080.3513	0.495526341257768	631.414925731725
TARA_082_DCM_0.22-3_G	TARA_B100000767	metaG	205372208	145344056.999045	0.707710446386423	34482482924	21020612457.3255	0.609602635159866	631.414925731725
TARA_082_SRF_0.22-3_G	TARA_B100000768	metaG	127484801	80892009.999855	0.634522777345474	21810179451	11902585209.7516	0.545735317606745	631.414925731725
TARA_084_SRF_0.22-3_G	TARA_B100000780	metaG	205040545	114868297.998629	0.5602223599173	34478168591	16557692700.0286	0.480237013063121	631.414925731725
TARA_085_DCM_0.22-3_G	TARA_B100000795	metaG	196679310	118094920.997865	0.60044404771333	32043181718	16458424607.4451	0.513632658338661	631.414925731725
TARA_085_MES_0.22-3_G	TARA_B100000809	metaG	190161564	102195150.998772	0.537412234360737	31700368643	14446845698.9956	0.45573115763074	631.414925731725
TARA_085_SRF_0.22-3_G	TARA_B100000787	metaG	186705830	121593120.998148	0.651255083990405	31492540512	17400121131.5203	0.552515638580827	631.414925731725
TARA_093_DCM_0.22-3_G	TARA_B100001059	metaG	160823005	124636978.997366	0.77499471544737	26883150722	17894671150.8434	0.665646349860291	631.414925731725
TARA_093_SRF_0.22-3_G	TARA_B100001063	metaG	132891860	101901480.998673	0.766800020698581	23963436487	15407555891.9997	0.642961033587908	631.414925731725
TARA_094_SRF_0.22-3_G	TARA_B100001057	metaG	217691455	177955009.003146	0.817464374075434	38904318380	26812579890.2631	0.689192897003613	631.414925731725
TARA_096_SRF_0.22-3_G	TARA_B100000989	metaG	176777303	120746858.996891	0.683045034332779	30627483878	17405165158.7387	0.568285832034704	631.414925731725
TARA_098_DCM_0.22-3_G	TARA_B100001029	metaG	120864147	71678825.0003644	0.59305283476964	21036492379	10683783914.1962	0.507869074449954	631.414925731725
TARA_098_MES_0.22-3_G	TARA_B100001013	metaG	208258919	110847855.99793	0.532259826038617	34617296134	15451771591.5006	0.446359863915667	631.414925731725
TARA_098_SRF_0.22-3_G	TARA_B100001027	metaG	120963057	73930633.0002121	0.611183569874661	21118896519	10477232797.5213	0.496107019043126	631.414925731725
TARA_099_SRF_0.22-3_G	TARA_B100000886	metaG	162302654	105434656.997349	0.649617578017847	27914771163	14679386403.4971	0.525864472174291	631.414925731725
TARA_100_DCM_0.22-3_G	TARA_B100000965	metaG	164362434	119145367.997257	0.724894156758821	29288374335	18078001165.7325	0.61724153614525	631.414925731725
TARA_100_MES_0.22-3_G	TARA_B100000959	metaG	179168438	130649418.998199	0.729198850291917	31868354467	19981119534.2995	0.626989371383771	631.414925731725
TARA_100_SRF_0.22-3_G	TARA_B100000963	metaG	182396927	141583775.997841	0.776239919863569	32932004878	21639410485.4617	0.657093625657687	631.414925731725
TARA_102_DCM_0.22-3_G	TARA_B100000902	metaG	200217355	141171856.997147	0.705093007532473	39078682247	23041753339.254	0.589624624331411	631.414925731725
TARA_102_MES_0.22-3_G	TARA_B100000953	metaG	191950759	130254461.996885	0.678582687953243	32917230502	18458495981.8997	0.560754829625723	631.414925731725
TARA_102_SRF_0.22-3_G	TARA_B100000900	metaG	164169568	118259146.996599	0.720347555501878	29648348416	17617066743.305	0.594200610978984	631.414925731725
TARA_109_DCM_0.22-3_G	TARA_B100000927	metaG	165142740	116183623.996834	0.703534554391153	28435123535	16854224292.0732	0.59272555195084	631.414925731725
TARA_109_MES_0.22-3_G	TARA_B100000929	metaG	183805591	115671486.997939	0.629314300879666	31534747965	16411750664.1196	0.520433861793813	631.414925731725
TARA_109_SRF_0.22-3_G	TARA_B100000925	metaG	178572078	131766594.99587	0.737890248417616	30304316287	18933325522.4252	0.624773228444267	631.414925731725
TARA_110_DCM_0.22-3_G	TARA_B100001113	metaG	194840747	139840410.996728	0.717716458953673	33793344255	20953554911.5735	0.620049757533934	631.414925731725
TARA_110_MES_0.22-3_G	TARA_B100001079	metaG	180434339	116970804.997672	0.648273525128009	31464375041	17273830861.5812	0.54899647105885	631.414925731725
TARA_110_SRF_0.22-3_G	TARA_B100001109	metaG	154329540	110925753.997256	0.718759052850516	28024976927	17154468362.8601	0.612113558828056	631.414925731725
TARA_111_DCM_0.22-3_G	TARA_B100000579	metaG	176374357	121971086.996542	0.69154660048763	31517250459	18869073560.828	0.598690345319759	631.414925731725
TARA_111_MES_0.22-3_G	TARA_B100000586	metaG	191794162	116172443.99776	0.605714182258375	32739315967	16652702084.5035	0.508645388354746	631.414925731725
TARA_111_SRF_0.22-3_G	TARA_B100000575	metaG	178997245	118223515.997017	0.660476735253759	31528979905	18108214885.5917	0.574335577622669	631.414925731725
TARA_112_DCM_0.22-3_G	TARA_B100000945	metaG	190816693	105410199.997731	0.552416029963011	32652766601	15301306330.8116	0.468606734546745	631.414925731725
TARA_112_MES_0.22-3_G	TARA_B100000949	metaG	145509481	86343113.9995801	0.593384798063984	26068654336	13309122009.3835	0.510541197786493	631.414925731725
TARA_112_SRF_0.22-3_G	TARA_B100000941	metaG	186623460	109711102.996914	0.587874123633301	32800447007	16135457894.8334	0.491927987792055	631.414925731725
TARA_122_DCM_0.22-3_G	TARA_B100000700	metaG	146882269	99313930.9989639	0.676146492528407	26265887253	15606369474.7775	0.59416875297045	631.414925731725
TARA_122_MES_0.22-3_G	TARA_B100000678	metaG	191466115	120481954.997833	0.629259934572927	33991720948	17965654063.2423	0.528530288028836	631.414925731725
TARA_122_SRF_0.22-3_G	TARA_B100001115	metaG	134485668	96677366.9987505	0.718867433507863	24420757008	15275854374.0602	0.625527471120405	631.414925731725
TARA_123_MIX_0.22-3_G	TARA_B100000686	metaG	178057531	119343661.998284	0.670253380062225	32390550858	19088600655.0983	0.589326212412459	631.414925731725
TARA_123_SRF_0.22-3_G	TARA_B100000683	metaG	161079355	99744266.9986523	0.619224400287996	27482260785	15142594029.0592	0.550995209146844	631.414925731725
TARA_124_MIX_0.22-3_G	TARA_B100000676	metaG	180552483	138430193.998178	0.766703352388557	32981302772	22324687901.3283	0.676889207671965	631.414925731725
TARA_124_SRF_0.22-3_G	TARA_B100000674	metaG	301173972	219540962.007696	0.728950647859092	51192942761	32519800954.449	0.635239921765611	631.414925731725
TARA_125_MIX_0.22-3_G	TARA_B100001123	metaG	173184304	118442749.998428	0.683911574333135	29871967396	17979979912.2622	0.601901430659362	631.414925731725
TARA_125_SRF_0.22-3_G	TARA_B100001121	metaG	158743130	121591175.997291	0.765961815149359	28848805650	19165290944.5168	0.664335680895572	631.414925731725
TARA_128_DCM_0.22-3_G	TARA_B100000614	metaG	144518300	97694123.9986751	0.675998292248629	25618913514	14812306080.3562	0.578178542671674	631.414925731725
TARA_128_SRF_0.22-3_G	TARA_B100000609	metaG	148107314	100418286.998033	0.67801031755956	25535992286	14997714188.523	0.58731667916212	631.414925731725
TARA_132_DCM_0.22-3_G	TARA_B100001250	metaG	233405213	136590740.996466	0.58520861312753	38909159725	20032803003.804	0.514860848843581	631.414925731725
TARA_132_MES_0.22-3_G	TARA_B100001245	metaG	191876753	105432885.998367	0.549482333580904	32163605207	14953485812.3198	0.464919455268818	631.414925731725
TARA_132_SRF_0.22-3_G	TARA_B100001248	metaG	159772910	104275665.997399	0.652649225687879	27277257586	14829878080.4638	0.543671886138407	631.414925731725
TARA_133_DCM_0.22-3_G	TARA_B100001094	metaG	170802430	118182987.997413	0.691928024662252	30081810098	17983383289.4528	0.597815863834885	631.414925731725
TARA_133_MES_0.22-3_G	TARA_B100001105	metaG	206007057	123212511.997422	0.59809850105	36147503029	18329219306.4052	0.507067370371342	631.414925731725
TARA_133_SRF_0.22-3_G	TARA_B100001093	metaG	245603248	181336214.00368	0.738329869333322	42483903943	26858136331.7531	0.632195580890782	631.414925731725
TARA_137_DCM_0.22-3_G	TARA_B100001964	metaG	185660411	134350936.998793	0.723638045801769	33411192986	20811064205.1911	0.622877016510947	631.414925731725
TARA_137_MES_0.22-3_G	TARA_B100001971	metaG	193196961	128072579.998514	0.662911980269265	34563027616	19871611755.4986	0.574938398807968	631.414925731725
TARA_137_SRF_0.22-3_G	TARA_B100001287	metaG	174409048	128416560.995272	0.7362952924052	30412213248	19082234305.0125	0.627452995591087	631.414925731725
TARA_138_DCM_0.22-3_G	TARA_B100001996	metaG	181615900	108461284.997312	0.597201483996234	30970555564	15364259068.2763	0.496092459062491	631.414925731725
TARA_138_MES_0.22-3_G	TARA_B100002003	metaG	165949364	108207820.999025	0.652053243174978	29553798419	16459826159.2831	0.556944522863806	631.414925731725
TARA_138_SRF_0.22-3_G	TARA_B100001989	metaG	162601412	104847589.997574	0.644813527188642	28838038121	15547086738.7394	0.539117351655693	631.414925731725
TARA_140_SRF_0.22-3_G	TARA_B100002019	metaG	174905082	129291648.995291	0.739210362082509	31392579154	19725010277.6196	0.628333536434079	631.414925731725
TARA_141_SRF_0.22-3_G	TARA_B100001939	metaG	162218002	116770957.99677	0.719839700631809	28472579199	17072125873.4315	0.599598854536897	631.414925731725
TARA_142_DCM_0.22-3_G	TARA_B100002052	metaG	149314705	106674063.997964	0.714424369642388	26549309184	16392478159.2556	0.617435205023512	631.414925731725
TARA_142_MES_0.22-3_G	TARA_B100002049	metaG	156404468	96537185.9990183	0.617227801951402	27513271132	14148544483.515	0.514244359227034	631.414925731725
TARA_142_SRF_0.22-3_G	TARA_B100002051	metaG	150042276	107371987.997976	0.715611565356258	26588911670	16541452977.4449	0.622118467380088	631.414925731725
TARA_145_MES_0.22-3_G	TARA_B100001146	metaG	166256611	98612291.9989193	0.593133057421213	29066844971	14586737940.5084	0.501834236053537	631.414925731725
TARA_145_SRF_0.22-3_G	TARA_B100001142	metaG	166311030	105689060.998392	0.635490388090269	29102367055	16072637393.4583	0.552279385490634	631.414925731725
TARA_146_MES_0.22-3_G	TARA_B100001167	metaG	147197633	75665264.0000289	0.514038591911521	25911112372	10981197253.0177	0.42380261778665	631.414925731725
TARA_146_SRF_0.22-3_G	TARA_B100001540	metaG	161309373	114023472.997526	0.706862043270892	29052969048	18102895845.0411	0.623099684412023	631.414925731725
TARA_148b_MES_0.22-3_G	TARA_B100001750	metaG	158676357	86407173.9994958	0.544549771832081	27353825225	12645546554.5446	0.462295362733662	631.414925731725
TARA_148_SRF_0.22-3_G	TARA_B100001741	metaG	161186856	107961002.997626	0.669787882689556	27798441870	16594773799.2961	0.596967768082178	631.414925731725
TARA_149_MES_0.22-3_G	TARA_B100001765	metaG	176466394	95763125.998774	0.542670611826374	29472197900	13231206234.7185	0.448938565071133	631.414925731725
TARA_149_SRF_0.22-3_G	TARA_B100001758	metaG	166452099	107450269.99776	0.645532682635383	28900738535	16686499337.5663	0.57737276565989	631.414925731725
TARA_150_DCM_0.22-3_G	TARA_B100001778	metaG	169492625	122683615.996555	0.723828638541384	29279208423	18313739440.9645	0.625486153053862	631.414925731725
TARA_150_SRF_0.22-3_G	TARA_B100001769	metaG	177736615	122468152.996397	0.689042902028918	30606559808	18630483159.5261	0.608708828316484	631.414925731725
TARA_151_DCM_0.22-3_G	TARA_B100001559	metaG	169277504	111412004.997495	0.6581619079018	28622994115	16647151079.3739	0.581600618456958	631.414925731725
TARA_151_SRF_0.22-3_G	TARA_B100001564	metaG	181402317	133718599.995943	0.737138324401572	31276790761	20209313773.1071	0.646144098591685	631.414925731725
TARA_152_MES_0.22-3_G	TARA_B100001179	metaG	165483134	93389858.9991565	0.564346690455817	28992663100	13521589177.9247	0.466379688243428	631.414925731725
TARA_152_MIX_0.22-3_G	TARA_B100001175	metaG	184057332	119147139.997414	0.647337102536147	32135502471	18089352683.8002	0.562908661537953	631.414925731725
TARA_152_SRF_0.22-3_G	TARA_B100001173	metaG	157947638	108500844.998022	0.68694186486044	27519850462	16360729000.6716	0.594506464461456	631.414925731725
TARA_155_DCM_0.22-3_G	TARA_B110000008	metaG	172472326	128238503.99794	0.743530901287547	31040566535	20009248870.2547	0.64461609770212	631.414925731725
TARA_155_MES_0.22-3_G	TARA_B110000014	metaG	178523920	107093611.998416	0.599883825083025	32114182734	15950029013.5789	0.496666197165661	631.414925731725
TARA_155_SRF_0.22-3_G	TARA_B110000003	metaG	191049870	149290619.999438	0.781422253778232	33438377902	22750811894.0434	0.680380249326707	631.414925731725
TARA_158_DCM_0.22-3_G	TARA_B110001452	metaG	144063983	98905307.9989494	0.686537369988927	23676705777	14191270687.5842	0.599376907465307	631.414925731725
TARA_158_MES_0.22-3_G	TARA_B110001454	metaG	142477784	82407563.999837	0.578388866574715	25978609621	12642229683.0634	0.48663996524448	631.414925731725
TARA_158_SRF_0.22-3_G	TARA_B110001450	metaG	194179445	143754791.998837	0.7403193061904	34220794082	21937702709.6317	0.641063519948266	631.414925731725
TARA_163_MES_0.22-3_G	TARA_B110000196	metaG	210822669	126039799.99794	0.597847473404008	37092728307	19095085769.5097	0.514793239566206	631.414925731725
TARA_163_SRF_0.22-3_G	TARA_B110001469	metaG	157961636	117537450.998803	0.744088589958659	28721790390	18690542643.2366	0.650744343909149	631.414925731725
TARA_168_DCM_0.22-3_G	TARA_B110000046	metaG	161906690	111507642.998601	0.688715475553242	28548218501	17416948898.901	0.610088818617207	631.414925731725
TARA_168_IZZ_0.22-3_G	TARA_B110000037	metaG	157362560	117271195.998378	0.745229335353834	28785683672	18308428907.6432	0.636025501991182	631.414925731725
TARA_168_SRF_0.22-3_G	TARA_B110000027	metaG	137701856	98366547.9990826	0.71434438762454	25580480932	15482545347.5336	0.605248407513936	631.414925731725
TARA_173_DCM_0.22-3_G	TARA_B110000093	metaG	129378941	102057946.998982	0.788829667410723	23368348541	15923129580.8256	0.681397299123998	631.414925731725
TARA_173_IZZ_0.22-3_G	TARA_B110000091	metaG	153493980	123998869.998123	0.807841910139558	27661045535	19410611051.301	0.701730924333298	631.414925731725
TARA_173_SRF_0.22-3_G	TARA_B110000090	metaG	163770685	136548986.998258	0.833781619697429	29319265608	21273753322.8286	0.725589569918283	631.414925731725
TARA_175_SRF_0.22-3_G	TARA_B110000114	metaG	168165350	142280477.998614	0.846074878080494	30344152377	22168845921.0163	0.730580496880832	631.414925731725
TARA_175_ZZZ_0.22-3_G	TARA_B110000116	metaG	156937598	102625591.999022	0.653926103794594	28022345698	15672846672.8273	0.559298170172309	631.414925731725
TARA_178_SRF_0.22-3_G	TARA_B110000208	metaG	163493174	127177531.998266	0.777876708163154	29741142214	20203940737.8928	0.679326321515056	631.414925731725
TARA_180_SRF_0.22-3_G	TARA_B110000503	metaG	146489238	108032538.99922	0.737477650059316	26284582182	16870915057.7961	0.641855934440134	631.414925731725
TARA_180_ZZZ_0.22-3_G	TARA_B110000211	metaG	181991943	138193959.997801	0.759341087961243	30670587221	20408225316.8293	0.665400540582277	631.414925731725
TARA_188_DCM_0.22-3_G	TARA_B110000240	metaG	161492451	130506668.997647	0.808128604089653	28600116587	19964237530.6245	0.698047417740218	631.414925731725
TARA_188_SRF_0.22-3_G	TARA_B110000238	metaG	195706127	162643045.000557	0.831057501845905	35045780694	25244402109.1117	0.720326430434853	631.414925731725
TARA_189_DCM_0.22-3_G	TARA_B110000261	metaG	136675081	101616211.998999	0.743487483274286	24564902791	15701257894.226	0.639174436300989	631.414925731725
TARA_189_MES_0.22-3_G	TARA_B110000263	metaG	155280585	98298701.9991272	0.633039230236847	27030810068	14671572535.9847	0.542772210639494	631.414925731725
TARA_189_SRF_0.22-3_G	TARA_B110000259	metaG	158573757	123579267.99801	0.77931727377822	28222193066	18986051617.7966	0.672734807440232	631.414925731725
TARA_191_SRF_0.22-3_G	TARA_B110000285	metaG	163672335	98796520.9987418	0.603623825607069	29237735699	15018958975.039	0.51368406670263	631.414925731725
TARA_193_SRF_0.22-3_G	TARA_B110000977	metaG	155776363	116110031.998142	0.745363608201215	27738040899	17857231617.7313	0.643781285158285	631.414925731725
TARA_194_DCM_0.22-3_G	TARA_B110000967	metaG	188209598	143679315.998913	0.763400578534328	32530589917	21432180343.3807	0.658831591989684	631.414925731725
TARA_194_SRF_0.22-3_G	TARA_B110000971	metaG	202195745	140797307.998433	0.696341597091635	35980789172	21683488024.8728	0.602640701437052	631.414925731725
TARA_196_SRF_0.22-3_G	TARA_B110000305	metaG	175324256	126519954.997916	0.7216340618489	31682890517	19648144618.643	0.620150002036602	631.414925731725
TARA_201_DCM_0.22-3_G	TARA_B110000908	metaG	190598585	154711064.00019	0.81171150352554	32934066051	23623373887.4609	0.717292965007084	631.414925731725
TARA_201_MES_0.22-3_G	TARA_B110000914	metaG	156919679	99313053.9989853	0.632891009157528	27660875838	15031128747.2771	0.543407549179176	631.414925731725
TARA_201_SRF_0.22-3_G	TARA_B110000902	metaG	229109625	186452842.003491	0.813814967413486	39366283220	27958711858.9976	0.710219750814403	631.414925731725
TARA_205_MES_0.22-3_G	TARA_B110000881	metaG	170575390	109870321.998444	0.644115906746241	29960288306	16594429729.0998	0.553880842521014	631.414925731725
TARA_205_SRF_0.22-3_G	TARA_B110000879	metaG	188490064	161925403.000477	0.859065987693001	34311489660	25861416849.3636	0.753724688307911	631.414925731725
TARA_206_MES_0.22-3_G	TARA_B110000495	metaG	187568930	121346484.998122	0.646943419670423	33544536787	18713144444.3043	0.557859676618236	631.414925731725
TARA_206_SRF_0.22-3_G	TARA_B110000483	metaG	171369163	127538042.997476	0.74422982971257	31233870291	19779528468.7853	0.633271774663312	631.414925731725
TARA_208_SRF_0.22-3_G	TARA_B110000858	metaG	165402309	133783529.996838	0.808837136589416	29547694608	20399456956.7542	0.69039081482963	631.414925731725
TARA_209_MES_0.22-3_G	TARA_B110000467	metaG	157037369	104712024.99884	0.666796862846323	28648908676	16174224719.1979	0.564566870665739	631.414925731725
TARA_209_SRF_0.22-3_G	TARA_B110000459	metaG	144783347	111364948.998385	0.769183413050845	25796566310	17125098400.9075	0.66385185513116	631.414925731725
TARA_210_MES_0.22-3_G	TARA_B110000438	metaG	157715830	101419891.998992	0.643054612837479	28741162891	15555471345.6249	0.541226233768568	631.414925731725
TARA_210_SRF_0.22-3_G	TARA_B110000444	metaG	154053145	110671828.998329	0.718400322163683	27537038267	16892223167.2734	0.613436456146294	631.414925731725
TARA_011_SRF_0.22-1.6_T	TARA_X100000009	metaT	153522966	94863737.9986157	0.617912358458576	26068468638	13420653467.1245	0.514823239273874	631.414925731725
TARA_015_SRF_0.22-1.6_T	TARA_A200000327	metaT	147772577	96748667.9989727	0.654713276056441	24976968277	13822442938.7355	0.553407554729687	631.414925731725
TARA_016_SRF_0.22-1.6_T	TARA_A200000369	metaT	142120698	80847182.9996552	0.568862833755962	22331339404	10882723867.6311	0.487329652321785	631.414925731725
TARA_018_SRF_0.22-1.6_T	TARA_A100000165	metaT	42242135	4982594.99999784	0.117953200045354	6696311905	649579740.886485	0.0970055980220182	631.414925731725
TARA_019_SRF_0.22-1.6_T	TARA_A100000220	metaT	140049964	67861771.0007799	0.484554005317559	23292135222	8933516018.91464	0.383542167077783	631.414925731725
TARA_022_DCM_0.22-1.6_T	TARA_S200002603	metaT	165191142	100977643.99877	0.61127759501033	27791792449	14134899691.6825	0.508599785984337	631.414925731725
TARA_025_DCM_0.22-1.6_T	TARA_E500000176	metaT	137861480	80699867.9997372	0.585369227138264	23295672607	11107964060.2783	0.476825213320545	631.414925731725
TARA_031_SRF_0.22-1.6_T	TARA_A100001401	metaT	144377935	92252694.9983659	0.63896671605925	24508577656	12352687599.0462	0.504014870729232	631.414925731725
TARA_032_SRF_0.22-1.6_T	TARA_A100001026	metaT	112613466	71072924.0005743	0.631122782426164	18756639135	9470427894.24668	0.504910705275275	631.414925731725
TARA_033_SRF_0.22-1.6_T	TARA_A100001195	metaT	130366958	75124453.9999287	0.576253792774153	21826362140	9836530620.71961	0.450672015685689	631.414925731725
TARA_037_MES_0.22-1.6_T	TARA_B100000315	metaT	213874792	88898495.9988792	0.415656726852032	36134032046	12737415079.0923	0.352504671022517	631.414925731725
TARA_038_MES_0.22-1.6_T	TARA_B100000071	metaT	200289239	141851649.998707	0.70823400551593	33470511233	20691932906.7467	0.618213828964334	631.414925731725
TARA_039_DCM_0.22-1.6_T	TARA_B100000091	metaT	185713252	132466668.994959	0.713286034078813	31967688872	18699610461.5862	0.584953467748644	631.414925731725
TARA_039_MES_0.22-1.6_T	TARA_B100000101	metaT	156897823	118226405.998849	0.753524833794854	27073824093	18016184621.865	0.665446615889151	631.414925731725
TARA_039_SRF_0.22-1.6_T	TARA_B100000089	metaT	179492187	118113034.996429	0.658039979179866	30741680833	16458841322.2129	0.535391718222023	631.414925731725
TARA_040_MES_0.22-1.6_T	TARA_B100000120	metaT	117709604	61876632.0003046	0.525671906944013	18208583943	8022418937.24332	0.440584449749449	631.414925731725
TARA_040_SRF_0.22-1.6_T	TARA_B100000110	metaT	124482652	62813906.00062	0.504599677074843	20242739639	8551287925.6179	0.422437282606888	631.414925731725
TARA_040_ZZZ_0.22-1.6_T	TARA_B100000112,TARA_B100000114,TARA_B100000116,TARA_B100000118	metaT	558154375	303200388.001881	0.543219585086797	93661247071	40491527135.1171	0.432318898171647	631.414925731725
TARA_041_DCM_0.22-1.6_T	TARA_B100000287	metaT	188728844	130076399.996087	0.689223741528811	31949576625	18430171937.6282	0.576851836064925	631.414925731725
TARA_041_SRF_0.22-1.6_T	TARA_B100000282	metaT	196814518	135254964.995206	0.687220467116182	34158383351	18820109245.7342	0.550966041113397	631.414925731725
TARA_042_DCM_0.22-1.6_T	TARA_B100000133	metaT	153841210	102044056.998675	0.663307685883871	25788833894	13205707346.9979	0.512070743534873	631.414925731725
TARA_042_SRF_0.22-1.6_T	TARA_B100000127	metaT	126738283	72826940.0002333	0.574624638083769	21587575109	9680373234.99298	0.448423372524002	631.414925731725
TARA_043_SRF_0.22-1.6_T	TARA_B100000143	metaT	127523651	71761646.0002589	0.562732053525184	22184852577	9514238487.88369	0.428861920757027	631.414925731725
TARA_044_SRF_0.22-1.6_T	TARA_B100000267	metaT	171922121	98485606.9984759	0.572850116236502	29262009610	12404979111.1329	0.423927791579073	631.414925731725
TARA_046_SRF_0.22-1.6_T	TARA_B100000261	metaT	138982947	78338619.9998297	0.563656345550291	23928195761	10472569598.1399	0.437666496159684	631.414925731725
TARA_047_SRF_0.22-1.6_T	TARA_B100000248	metaT	176367092	116649225.994977	0.661400177732573	29602515677	15657486235.0119	0.528924176777892	631.414925731725
TARA_049_SRF_0.22-1.6_T	TARA_B100000236	metaT	135805415	63023066.001384	0.46406887384707	21260820837	7352689718.15461	0.345832824354495	631.414925731725
TARA_050_SRF_0.22-1.6_T	TARA_B100000178	metaT	147005151	84603733.9993478	0.575515438906952	25813204890	11478820390.8734	0.444687919992464	631.414925731725
TARA_051_SRF_0.22-1.6_T	TARA_B100000194	metaT	127858968	72095618.000247	0.563868292760247	22295463677	9818736958.38049	0.440391691360494	631.414925731725
TARA_052_DCM_0.22-1.6_T	TARA_B100000214	metaT	199897839	110671768.995853	0.553641647901222	32675040984	14280826057.7441	0.437056102385212	631.414925731725
TARA_052_SRF_0.22-1.6_T	TARA_B100000212	metaT	157088546	61793530.0017029	0.393367508804257	25224670948	7716568819.65661	0.305913557229908	631.414925731725
TARA_053_SRF_0.22-1.6_T	TARA_B100000353	metaT	101808966	56972624.0006033	0.559603208234167	17899899972	7578924952.9083	0.423405994713024	631.414925731725
TARA_054_SRF_0.22-1.6_T	TARA_B100000355	metaT	131729125	61617946.0006328	0.467762508865316	22441307305	7803280407.98825	0.34771951125368	631.414925731725
TARA_067_SRF_0.22-3_T	TARA_B100000493	metaT	80945720	33653415.9999258	0.415752877359369	13667130543	4825203621.5054	0.353051696281394	631.414925731725
TARA_068_DCM_0.22-3_T	TARA_B100000480	metaT	126351688	81789620.9996133	0.647317200856179	21363001096	11768779536.7392	0.550895423534045	631.414925731725
TARA_068_SRF_0.22-3_T	TARA_B100000473	metaT	102288130	56141919.0005167	0.548860547167269	16892036390	7809295374.24964	0.462306331454075	631.414925731725
TARA_070_MES_0.22-3_T	TARA_B100000444	metaT	138658983	92063022.9991574	0.663952821572024	23500982998	13152276936.2704	0.559647949083222	631.414925731725
TARA_070_SRF_0.22-3_T	TARA_B100000457	metaT	84935262	46928357.0001944	0.552519129218608	14844114145	6496918739.91914	0.43767642019295	631.414925731725
TARA_071_SRF_0.22-3_T	TARA_B100000436	metaT	103699296	54682867.0006176	0.527321487318657	17566357153	7369431967.32981	0.419519647878231	631.414925731725
TARA_072_DCM_0.22-3_T	TARA_B100000422	metaT	106551013	55476682.000446	0.520658419272335	17697519003	7540706500.90685	0.426088340384242	631.414925731725
TARA_072_SRF_0.22-3_T	TARA_B100000420	metaT	52362989	26361028.9999158	0.503428652629356	9052382963	3637004149.53365	0.401773120337402	631.414925731725
TARA_076_DCM_0.22-3_T	TARA_B100000515	metaT	104227618	52850161.000352	0.50706484533065	17456463712	7019444631.46788	0.402111489891423	631.414925731725
TARA_076_MES_0.22-3_T	TARA_B100000747	metaT	110390334	71129994.0002492	0.644349839545274	18052835253	9846884559.23692	0.545448092847387	631.414925731725
TARA_076_SRF_0.22-3_T	TARA_B100000513	metaT	121392324	55265455.0005783	0.455263176282697	19677097763	7327018984.56946	0.37236278809098	631.414925731725
TARA_078_DCM_0.22-3_T	TARA_B100000526	metaT	159141205	83417033.9992836	0.524169928204852	26436598412	11119435192.0959	0.420607637140209	631.414925731725
TARA_078_SRF_0.22-3_T	TARA_B100000524	metaT	99664017	46246426.000316	0.464023299405201	16538872988	6389693443.69492	0.386343945462974	631.414925731725
TARA_080_SRF_0.22-3_T	TARA_B100000713	metaT	109720237	54441230.0005581	0.496182212954554	18388323315	7545559226.17214	0.410345146586419	631.414925731725
TARA_081_DCM_0.22-3_T	TARA_B100000834	metaT	104542118	57310309.000515	0.548203060134242	16257517335	7294848932.65271	0.448706206632669	631.414925731725
TARA_081_SRF_0.22-3_T	TARA_B100000832	metaT	64315702	34777455.999946	0.540730411369	10887011730	4815339507.48191	0.442301306079507	631.414925731725
TARA_082_DCM_0.22-3_T	TARA_B100000767	metaT	115906208	57192787.0005769	0.493440239202519	19511782716	8169730277.29224	0.418707526431858	631.414925731725
TARA_082_SRF_0.22-3_T	TARA_B100000768	metaT	84386302	42771168.0001364	0.506849654344806	13986865657	6132635233.10628	0.438456719575131	631.414925731725
TARA_083_SRF_0.22-3_T	TARA_B100000765	metaT	92420364	46302883.0001734	0.501003036518807	15774850796	6558569628.88237	0.415761119626273	631.414925731725
TARA_084_SRF_0.22-3_T	TARA_B100000780	metaT	111323395	41405980.000118	0.371943202056656	18960552850	5991672799.11351	0.316007283464496	631.414925731725
TARA_085_DCM_0.22-3_T	TARA_B100000795	metaT	65987284	30544290.9998782	0.462881469706773	11416164724	4412842664.12459	0.386543359421536	631.414925731725
TARA_085_SRF_0.22-3_T	TARA_B100000787	metaT	99309755	43271041.0001477	0.435717931235937	17062996248	6246622840.9677	0.366091790103974	631.414925731725
TARA_086_DCM_0.22-3_T	TARA_B100000813	metaT	56802687	30331848.9999166	0.53398616512484	9781873726	4428485688.97391	0.452723661439535	631.414925731725
TARA_086_SRF_0.22-3_T	TARA_B100000811	metaT	115095115	38225322.9999531	0.332119421401621	19566598441	5349983421.22168	0.273424296888072	631.414925731725
TARA_087_SRF_0.22-3_T	TARA_B100000562	metaT	109886406	43705377.9999895	0.397732345527703	18666941725	6017067460.90064	0.322338149952126	631.414925731725
TARA_088_SRF_0.22-3_T	TARA_B100000851	metaT	103816954	43221905.0000197	0.416328001686696	17700694719	6080035057.41277	0.343491323585533	631.414925731725
TARA_089_SRF_0.22-3_T	TARA_B100000858	metaT	114735114	50115051.000187	0.436789133274291	18673319618	6874035362.60391	0.368120693225737	631.414925731725
TARA_090_SRF_0.22-3_T	TARA_B100000801	metaT	74129151	32065314.9999025	0.432560127390404	12745804460	4520481705.73974	0.354664291291013	631.414925731725
TARA_091_SRF_0.22-3_T	TARA_B100000865	metaT	58061277	25932914.9999393	0.446647341220884	9910724803	3558541687.04716	0.359059681081043	631.414925731725
TARA_092_SRF_0.22-3_T	TARA_B100000872	metaT	86121670	32137746.9999367	0.373166788334883	14691729031	4537850740.74678	0.308871115930043	631.414925731725
TARA_093_DCM_0.22-3_T	TARA_B100001061	metaT	129645491	66794146.0004691	0.515206086114241	22070402405	9470528247.17781	0.429105372588598	631.414925731725
TARA_093_SRF_0.22-3_T	TARA_B100001064	metaT	89265707	43666579.0000961	0.489175299984978	15330072336	6194679428.95296	0.404086770967534	631.414925731725
TARA_096_DCM_0.22-3_T	TARA_B100000987	metaT	94511669	41490145.0001511	0.438994945694495	16289169129	5522378030.15453	0.339021467971801	631.414925731725
TARA_096_SRF_0.22-3_T	TARA_B100000986	metaT	113923761	45087613.0001566	0.395770053625219	19492702186	6002246086.19103	0.307922730718266	631.414925731725
TARA_097_DCM_0.22-3_T	TARA_B100000973	metaT	124209810	49880417.0005481	0.401581944296897	21114079619	6861217252.54696	0.324959334072641	631.414925731725
TARA_097_MES_0.22-3_T	TARA_B100001000	metaT	135097318	66860190.0006258	0.49490390327827	22653379964	9515579554.17956	0.420051205131482	631.414925731725
TARA_097_SRF_0.22-3_T	TARA_B100000994	metaT	77871224	32408829.9999053	0.416184931161546	13426764439	4534664211.61008	0.337733206850526	631.414925731725
TARA_098_DCM_0.22-3_T	TARA_B100001033	metaT	113766767	48292503.0002883	0.424486906622637	19375224854	6456931986.47007	0.333257138181653	631.414925731725
TARA_098_MES_0.22-3_T	TARA_B100001010	metaT	158071208	80389992.9994108	0.50856822071867	24081248873	10332762966.3601	0.429079198543779	631.414925731725
TARA_098_SRF_0.22-3_T	TARA_B100001031	metaT	105601737	33966957.0000379	0.321651498971441	18048948903	4623511714.1956	0.256165150615896	631.414925731725
TARA_099_SRF_0.22-3_T	TARA_B100000885	metaT	140199908	65017736.0007647	0.463750204463506	23651127096	8485871333.65416	0.358793528072044	631.414925731725
TARA_100_DCM_0.22-3_T	TARA_B100000965	metaT	136399532	69866291.0005957	0.512217967145193	22994333350	9967238575.33271	0.433464994336647	631.414925731725
TARA_100_MES_0.22-3_T	TARA_B100000959	metaT	147443872	102922638.998598	0.698046230084067	25012132537	15269861355.6299	0.610498178555605	631.414925731725
TARA_100_SRF_0.22-3_T	TARA_B100000963	metaT	125569906	38969952.0000502	0.310344677649517	21165456653	5577207314.05578	0.263505172862182	631.414925731725
TARA_102_DCM_0.22-3_T	TARA_B100000902	metaT	131410473	51944102.0004976	0.395281295429913	22238979437	7400623512.63543	0.332777119273858	631.414925731725
TARA_102_MES_0.22-3_T	TARA_B100000953	metaT	160563304	103748828.99755	0.646155294596767	26430800082	14684557625.9699	0.555585059113303	631.414925731725
TARA_102_SRF_0.22-3_T	TARA_B100000900	metaT	132323003	52910592.0005917	0.39985936534853	22163798595	7417530298.98911	0.334668728701697	631.414925731725
TARA_106_DCM_0.22-3_T	TARA_B100000918	metaT	81693170	32611200.9999133	0.399191278780261	13961381619	4399727707.46496	0.31513555230647	631.414925731725
TARA_106_MES_0.22-3_T	TARA_B100000920	metaT	136473823	57137472.0006883	0.418669827991031	22713298398	7655412194.42838	0.337045375809551	631.414925731725
TARA_106_SRF_0.22-3_T	TARA_B100000916	metaT	77832940	32562126.9999586	0.41835920626869	13236741247	4348292196.93988	0.328501714719655	631.414925731725
TARA_109_DCM_0.22-3_T	TARA_B100000927	metaT	128904973	50767724.0004336	0.393838366503003	21765822078	6885264584.47583	0.316333771350413	631.414925731725
TARA_109_MES_0.22-3_T	TARA_B100000929	metaT	180403883	127822490.997122	0.708535142766978	30341269858	18804973116.8081	0.619782006646959	631.414925731725
TARA_109_SRF_0.22-3_T	TARA_B100000925	metaT	103904867	45464838.0003228	0.437562159627448	17417080472	6098254107.81018	0.350130673026047	631.414925731725
TARA_110_DCM_0.22-3_T	TARA_B100001111	metaT	65195764	28937671.999875	0.443858162316727	10523070058	3678392384.5259	0.349555059906634	631.414925731725
TARA_110_MES_0.22-3_T	TARA_B100001076	metaT	99037786	47393848.0002015	0.478543088596523	15160689269	6298929182.46646	0.415477757686537	631.414925731725
TARA_110_SRF_0.22-3_T	TARA_B100001107	metaT	91815674	27118350.9998925	0.295356444259098	14240540572	2487332232.1979	0.174665576747033	631.414925731725
TARA_111_DCM_0.22-3_T	TARA_B100000579	metaT	139079161	53374262.0004898	0.383768938615396	23532704297	7165128822.77259	0.304475368930974	631.414925731725
TARA_111_SRF_0.22-3_T	TARA_B100000575	metaT	140771495	60665914.0007414	0.430953113062708	23897101605	8310873392.43007	0.347777463970408	631.414925731725
TARA_112_DCM_0.22-3_T	TARA_B100000943	metaT	119140960	36166078.9999645	0.303557055440585	19113128399	4262935578.41875	0.223037039747077	631.414925731725
TARA_112_SRF_0.22-3_T	TARA_B100000939	metaT	98980367	33072081.9999733	0.334127696252867	15027164798	3884540801.09963	0.258501244467395	631.414925731725
TARA_113_SRF_0.22-3_T	TARA_B100000593	metaT	71653238	36003993.9999714	0.502475463843957	11498037217	4672030658.69153	0.406332887128237	631.414925731725
TARA_122_DCM_0.22-3_T	TARA_B100000700	metaT	202844303	139120327.995658	0.685847844569036	34316987048	19971661142.9864	0.58197595013372	631.414925731725
TARA_122_MES_0.22-3_T	TARA_B100000678	metaT	215543467	251844735.014352	1.16841738939994	35751908839	23325989819.7296	0.652440403245949	631.414925731725
TARA_122_SRF_0.22-3_T	TARA_B100001115	metaT	122560175	50303383.0004412	0.410438243911134	20132819280	7065102202.37724	0.350924632269248	631.414925731725
TARA_123_MIX_0.22-3_T	TARA_B100000686	metaT	185808663	123627852.993155	0.66535031788671	31181588262	17640345236.6561	0.565729528862833	631.414925731725
TARA_123_SRF_0.22-3_T	TARA_B100000683	metaT	113992723	56668983.0005342	0.497128075452099	18916136567	8126726903.9411	0.429618747737237	631.414925731725
TARA_124_MIX_0.22-3_T	TARA_B100000676	metaT	173010022	118182999.993348	0.683099155916806	30091886086	18132735368.8659	0.60257889176651	631.414925731725
TARA_124_SRF_0.22-3_T	TARA_B100000674	metaT	109271888	48247023.0002947	0.4415318878749	18023655248	6871908118.21733	0.381271613535766	631.414925731725
TARA_125_MIX_0.22-3_T	TARA_B100001123	metaT	184820910	127767247.997459	0.691302991622858	30611485294	18494074497.2649	0.6041547582433	631.414925731725
TARA_125_SRF_0.22-3_T	TARA_B100001121	metaT	131109594	61649378.0006575	0.470212561261211	21074351440	8555829859.78675	0.405983068287806	631.414925731725
TARA_127_DCM_0.22-3_T	TARA_B100001230	metaT	131438802	50229613.0003316	0.382152090828792	20968494729	5913632478.19909	0.282024654350623	631.414925731725
TARA_127_SRF_0.22-3_T	TARA_B100001228	metaT	147470935	62844178.0005003	0.426146196201308	24053563131	8556632060.94692	0.355732413295526	631.414925731725
TARA_128_DCM_0.22-3_T	TARA_B100000611	metaT	137844515	84416430.9992551	0.6124032646439	23257731653	11151976446.9293	0.479495447505984	631.414925731725
TARA_128_SRF_0.22-3_T	TARA_B100000603	metaT	107070263	51541832.0003103	0.481383257649328	17963993683	7264969568.39463	0.404418399193145	631.414925731725
TARA_129_DCM_0.22-3_T	TARA_B100000624	metaT	120141863	50951565.0003278	0.424095013412001	19475936900	6115763771.51963	0.314016409219298	631.414925731725
TARA_129_SRF_0.22-3_T	TARA_B100000622	metaT	146105908	68440501.0006731	0.468430756411801	23374936307	8742021326.9605	0.373991236260292	631.414925731725
TARA_131_DCM_0.22-3_T	TARA_B100000639	metaT	157582955	55770584.0004362	0.35391254086101	25540602522	7200549201.56618	0.281925580861446	631.414925731725
TARA_131_MES_0.22-3_T	TARA_B100000651	metaT	152871555	54535121.0003683	0.356738184552177	24828375550	7353554505.05253	0.296175417930334	631.414925731725
TARA_131_SRF_0.22-3_T	TARA_B100000637	metaT	144066178	63493997.0008587	0.440727989610849	23985415164	8134448190.77826	0.339141438043039	631.414925731725
TARA_132_DCM_0.22-3_T	TARA_B100000660	metaT	97639702	44625804.000198	0.457045680047221	15745162603	5572536729.2205	0.353920557680283	631.414925731725
TARA_132_MES_0.22-3_T	TARA_B100001242	metaT	181693788	89042758.9991777	0.490070464044581	30469189503	12473457060.5614	0.409379352192261	631.414925731725
TARA_132_SRF_0.22-3_T	TARA_B100000658	metaT	116591066	53514300.0004108	0.458991429072368	19570184473	5789520019.97983	0.295833696814015	631.414925731725
TARA_133_DCM_0.22-3_T	TARA_B100001090	metaT	186985832	86412627.9995008	0.462134628464796	30854849885	11546972218.3415	0.374235242154103	631.414925731725
TARA_133_SRF_0.22-3_T	TARA_B100001089	metaT	144738444	76535009.9997848	0.528781489455454	22452309451	9913391625.4971	0.44153104370542	631.414925731725
TARA_134_SRF_0.22-3_T	TARA_B100001261	metaT	126828029	65062068.000607	0.512994394958286	20398753803	8665587588.31369	0.424809656119251	631.414925731725
TARA_135_DCM_0.22-3_T	TARA_B100001263	metaT	162494029	80056527.9996317	0.492673660024958	26600335107	10619997813.7981	0.39924300844629	631.414925731725
TARA_135_SRF_0.22-3_T	TARA_B100001275	metaT	139646424	73975406.0001476	0.529733622109418	22573818074	9786130313.57076	0.433516841567984	631.414925731725
TARA_136_SRF_0.22-3_T	TARA_B100001977	metaT	151075237	87053169.9990602	0.576223951242652	24940663433	11153878194.4709	0.447216579640488	631.414925731725
TARA_137_DCM_0.22-3_T	TARA_B100001964	metaT	153794347	99153318.9987769	0.644713677276948	25937762527	14607645386.2937	0.563180627900646	631.414925731725
TARA_137_MES_0.22-3_T	TARA_B100001971	metaT	166769480	110224933.997678	0.660941882157801	26306576621	15039506938.0233	0.571701409677821	631.414925731725
TARA_137_SRF_0.22-3_T	TARA_B100001287	metaT	122900784	48905500.000418	0.397926672301928	19846049505	6732641338.3882	0.339243401397945	631.414925731725
TARA_138_DCM_0.22-3_T	TARA_B100001996	metaT	133152366	50635193.000434	0.38028008454941	21719787251	6417414111.38546	0.295463948943146	631.414925731725
TARA_138_MES_0.22-3_T	TARA_B100002003	metaT	146802766	81407306.999239	0.554535239473887	22714398942	10600626584.0201	0.466691925729061	631.414925731725
TARA_138_SRF_0.22-3_T	TARA_B100001989	metaT	121069173	45574966.0003203	0.376437410705038	19577300548	6015232054.75276	0.30725543800099	631.414925731725
TARA_139_SRF_0.22-3_T	TARA_B100002010	metaT	148838799	69093794.0007443	0.464218970221228	24176243920	8935252661.65692	0.369588125071205	631.414925731725
TARA_140_SRF_0.22-3_T	TARA_B100002017	metaT	144274816	63846029.0007512	0.442530656221743	22570041118	8116695706.24326	0.359622548483975	631.414925731725
TARA_141_SRF_0.22-3_T	TARA_B100001937	metaT	260052813	135381314.996522	0.520591619197451	42815372428	17663325597.7108	0.412546349501318	631.414925731725
TARA_142_DCM_0.22-3_T	TARA_B100002056	metaT	147448672	79145583.9994695	0.536767018148997	23476669374	9825334056.5544	0.418514819969982	631.414925731725
TARA_142_MES_0.22-3_T	TARA_B100002046	metaT	167796105	81635296.9991236	0.486514850860952	26234953822	10566772709.6573	0.402774587725643	631.414925731725
TARA_142_SRF_0.22-3_T	TARA_B100002054	metaT	143929179	78835120.9997336	0.547735501219899	23611437548	9841953342.65403	0.416829908075109	631.414925731725
TARA_143_DCM_0.22-3_T	TARA_B100001217	metaT	110443817	50011275.0003572	0.452820957830144	17347492385	6355865373.33895	0.366385252247451	631.414925731725
TARA_143_SRF_0.22-3_T	TARA_B100001215	metaT	223715508	104533864.997438	0.467262488559523	37423136550	13475670477.525	0.360089284860463	631.414925731725
TARA_144_SRF_0.22-3_T	TARA_B100001196	metaT	179622441	76055069.9996583	0.423416303532242	29329665937	8925409539.49642	0.304313371951394	631.414925731725
TARA_145_MES_0.22-3_T	TARA_B100001139	metaT	27562067	8113410.99999357	0.294368742373116	4486437254	957935127.428702	0.213518003974006	631.414925731725
TARA_145_SRF_0.22-3_T	TARA_B100001135	metaT	166419880	93340657.9979719	0.560874445997509	27696140112	12766950539.4374	0.460964975184604	631.414925731725
TARA_147_SRF_0.22-3_T	TARA_B100001158	metaT	122581581	63134179.0011017	0.515038054543461	19208425831	8455089145.0247	0.440176057081119	631.414925731725
TARA_148b_MES_0.22-3_T	TARA_B100001750	metaT	167556108	79068755.9996981	0.471894202744898	28213602645	11155421768.0791	0.395391609800534	631.414925731725
TARA_148_SRF_0.22-3_T	TARA_B100001741,TARA_B100001742	metaT	195352077	103546309.996384	0.530049700963168	32147521006	14057913048.0473	0.437293844381454	631.414925731725
TARA_149_MES_0.22-3_T	TARA_B100001765	metaT	174632847	69226957.0007126	0.396414295420108	27818894729	9171567454.63702	0.329688420190039	631.414925731725
TARA_149_SRF_0.22-3_T	TARA_B100001758	metaT	154330155	77547165.9998511	0.502475786406429	26200612948	10923369677.4935	0.416912753116615	631.414925731725
TARA_150_DCM_0.22-3_T	TARA_B100001776	metaT	150123647	87972679.9991746	0.586001484490812	24546613870	12152742578.7949	0.495088350807017	631.414925731725
TARA_150_SRF_0.22-3_T	TARA_B100001769,TARA_B100001770	metaT	188061649	101527504.997555	0.539862888246582	31605156391	14304788297.9077	0.452609318585154	631.414925731725
TARA_151_DCM_0.22-3_T	TARA_B100001557	metaT	156172157	86797785.9991281	0.555782718677107	25248042256	11140267873.5558	0.441232938403707	631.414925731725
TARA_151_SRF_0.22-3_T	TARA_B100001564,TARA_B100001565	metaT	195207481	98331693.9979419	0.503729127050935	32961010213	13912048393.4844	0.422075910403905	631.414925731725
TARA_152_MXL_0.22-3_T	TARA_B100001171,TARA_B100001802,TARA_B100002031	metaT	590736383	317280532.010173	0.537093263832664	93118872213	41076292350.1477	0.44111672933699	631.414925731725
TARA_152_SRF_0.22-3_T	TARA_B100001297	metaT	118791664	61395687.0006797	0.51683497758462	19709394607	8485049741.34759	0.430507882689306	631.414925731725
TARA_153_MXL_0.22-3_T	TARA_B100001788,TARA_B100002033	metaT	263087266	149234278.99873	0.567242501956481	43118959262	20382508923.2179	0.47270410214146	631.414925731725
TARA_155_DCM_0.22-3_T	TARA_B110001437	metaT	112104452	50911632.0003446	0.454144604358305	17366847826	6763466780.25167	0.38944699970976	631.414925731725
TARA_155_SRF_0.22-3_T	TARA_B110001435	metaT	133329732	85905537.9995615	0.644308937781121	21741194747	11946820034.4632	0.549501541818978	631.414925731725
TARA_158_DCM_0.22-3_T	TARA_B110001446	metaT	96261045	52856952.0004379	0.549100126644562	15582900225	7312408072.64453	0.469258479940279	631.414925731725
TARA_158_SRF_0.22-3_T	TARA_B110001444	metaT	78871109	39524257.0000302	0.501124651360363	12968790247	5535966550.32439	0.426868385168385	631.414925731725
TARA_163_MES_0.22-3_T	TARA_B110000200	metaT	108580591	43575203.000505	0.401316686520015	17960097755	5788501138.50286	0.322297863712427	631.414925731725
TARA_163_SRF_0.22-3_T	TARA_B110001467	metaT	94174375	63049638.0006585	0.669498873771751	15795816227	9215057276.92031	0.58338595134887	631.414925731725
TARA_168_DCM_0.22-3_T	TARA_B110000044	metaT	112359756	54501388.0004467	0.485061466317591	19031879306	8002113404.55059	0.420458393829129	631.414925731725
TARA_168_IZZ_0.22-3_T	TARA_B110000035	metaT	82749317	42180584.0001075	0.509739361354577	14294656231	6001034540.54104	0.419809643797305	631.414925731725
TARA_168_SRF_0.22-3_T	TARA_B110000023	metaT	118253208	65333641.0005727	0.552489375176805	20717244432	9271540646.34426	0.447527694948821	631.414925731725
TARA_173_DCM_0.22-3_T	TARA_B110000085	metaT	122442253	75663293.0000075	0.617950839241805	21073189153	11142134852.6148	0.528735103724375	631.414925731725
TARA_173_SRF_0.22-3_T	TARA_B110000083	metaT	109986548	67433983.0005372	0.613111187020227	19004126315	9739765440.97666	0.512507930095636	631.414925731725
TARA_175_IZZ_0.22-3_T	TARA_B110000122	metaT	100454626	60597210.0004805	0.603229661125616	17355236408	8860249874.55929	0.510523145076555	631.414925731725
TARA_175_SRF_0.22-3_T	TARA_B110000110	metaT	137070794	100800256.998679	0.735388291386706	23545269530	15046676197.4851	0.639053045381939	631.414925731725
TARA_175_ZZZ_0.22-3_T	TARA_B110000112	metaT	118641767	64618505.0004865	0.544652247133899	20611666766	9274758267.89585	0.449976140852182	631.414925731725
TARA_178_SRF_0.22-3_T	TARA_B110000204	metaT	113663421	73536378.0001931	0.646966080672454	18447167013	10379611879.6984	0.56266698688117	631.414925731725
TARA_180_SRF_0.22-3_T	TARA_B110000501	metaT	84475019	40848078.0000614	0.483552161143183	13912419884	5741806447.13772	0.412710836433358	631.414925731725
TARA_180_ZZZ_0.22-3_T	TARA_B110000206	metaT	98387956	53240630.0003629	0.54112954638841	16314006837	7650929321.8829	0.46897916608265	631.414925731725
TARA_188_DCM_0.22-3_T	TARA_B110000235	metaT	148655384	105074207.998744	0.70683082691942	23919160620	14220895944.6806	0.594539924314477	631.414925731725
TARA_188_SRF_0.22-3_T	TARA_B110000233	metaT	134765147	96533801.9990024	0.716311332328398	22316882022	13537782763.2442	0.606616226670853	631.414925731725
TARA_189_DCM_0.22-3_T	TARA_B110000255	metaT	136293368	75953329.0000654	0.557278245556786	22637095794	10743776281.5213	0.474609304094963	631.414925731725
TARA_189_SRF_0.22-3_T	TARA_B110000253	metaT	141582137	78633971.9998583	0.555394724688033	23606209074	10981623709.7096	0.465200645952289	631.414925731725
TARA_189_ZZZ_0.22-3_T	TARA_B110000257	metaT	94836286	41386304.0001545	0.436397351116792	16503892493	5803840857.69753	0.351664969955372	631.414925731725
TARA_191_SRF_0.22-3_T	TARA_B110000283	metaT	85375355	39651376.0000768	0.464435855055324	14920973486	5756901561.24159	0.385826137057555	631.414925731725
TARA_193_SRF_0.22-3_T	TARA_B110000975	metaT	47844355	21628335.9999788	0.452056172561608	8264527710	3136227097.70187	0.379480498795723	631.414925731725
TARA_194_DCM_0.22-3_T	TARA_B110000966	metaT	67023929	30700871.9998664	0.458058374940485	11399159426	4370943566.97525	0.383444375469098	631.414925731725
TARA_194_SRF_0.22-3_T	TARA_B110000969	metaT	90862449	52700564.0002936	0.580003781323279	15817134686	7723919235.44943	0.488326070984651	631.414925731725
TARA_196_SRF_0.22-3_T	TARA_B110000303	metaT	115559692	58383103.0005257	0.505220306406889	19299414426	8233118990.75226	0.426599419496411	631.414925731725
TARA_201_DCM_0.22-3_T	TARA_B110000906	metaT	64643748	30608710.9998759	0.47349839616162	10936109412	4437724537.79531	0.405786406354519	631.414925731725
TARA_201_SRF_0.22-3_T	TARA_B110000901	metaT	64534047	37164371.9999741	0.575887825537644	10875409874	5394841539.80331	0.496058686735185	631.414925731725
TARA_205_SRF_0.22-3_T	TARA_B110000875	metaT	93654856	53103862.0003409	0.567016642472237	15889077810	7814224051.24119	0.491798463364765	631.414925731725
TARA_206_MES_0.22-3_T	TARA_B110000494	metaT	134895426	72380278.0001576	0.536565843234429	22678519378	10063220875.1646	0.443733592455189	631.414925731725
TARA_206_SRF_0.22-3_T	TARA_B110000481	metaT	129028039	71548623.0003493	0.554519959807723	21704712823	10327633930.6469	0.475824490969671	631.414925731725
TARA_208_SRF_0.22-3_T	TARA_B110000857	metaT	135236990	73297214.0003757	0.541990870991551	21888191807	10172763705.8337	0.464760350947784	631.414925731725
TARA_209_MES_0.22-3_T	TARA_B110000465	metaT	89510129	44043516.0001623	0.492050637086695	15743503694	6345780097.52489	0.403072925878839	631.414925731725
TARA_209_SRF_0.22-3_T	TARA_B110000457	metaT	109708732	59776364.0005781	0.544864231960845	18193856377	8521232640.72361	0.468357695265521	631.414925731725
TARA_210_MES_0.22-3_T	TARA_B110000436	metaT	98277641	52517325.0003596	0.534377142816845	17101460294	7331574140.99499	0.428710415072989	631.414925731725
TARA_210_SRF_0.22-3_T	TARA_B110000442	metaT	78463447	37209614.9999911	0.474228655796769	13289492937	5320337699.58679	0.400341662756308	631.414925731725
