	Archaea;Aenigmarchaeota	Archaea;Aigarchaeota	Archaea;Bathyarchaeota	Archaea;Diapherotrites	Archaea;Euryarchaeota	Archaea;Hadesarchaea	Archaea;Lokiarchaeota	Archaea;Marine Benthic Group E	Archaea;Miscellaneous Euryarchaeotic Group(MEG)	Archaea;Thaumarchaeota	Archaea;Woesearchaeota (DHVEG-6)	Archaea;WSA2	Bacteria;Acidobacteria	Bacteria;Actinobacteria	Bacteria;Aerophobetes	Bacteria;Aminicenantes	Bacteria;Armatimonadetes	Bacteria;Atribacteria	Bacteria;Bacteroidetes	Bacteria;BRC1	Bacteria;Candidatus Berkelbacteria	Bacteria;Chlamydiae	Bacteria;Chlorobi	Bacteria;Chloroflexi	Bacteria;Cloacimonetes	Bacteria;Cyanobacteria	Bacteria;Deferribacteres	Bacteria;Deinococcus-Thermus	Bacteria;Elusimicrobia	Bacteria;Fibrobacteres	Bacteria;Firmicutes	Bacteria;FL0428B-PF49	Bacteria;Fusobacteria	Bacteria;Gemmatimonadetes	Bacteria;Gracilibacteria	Bacteria;Hydrogenedentes	Bacteria;Ignavibacteriae	Bacteria;KSB3 (Modulibacteria)	Bacteria;Latescibacteria	Bacteria;Lentisphaerae	Bacteria;Marinimicrobia (SAR406 clade)	Bacteria;Microgenomates	Bacteria;Nitrospinae	Bacteria;Nitrospirae	Bacteria;Omnitrophica	Bacteria;Parcubacteria	Bacteria;PAUC34f	Bacteria;Peregrinibacteria	Bacteria;Planctomycetes	Bacteria;Poribacteria	Bacteria;Proteobacteria	Bacteria;RBG-1 (Zixibacteria)	Bacteria;Saccharibacteria	Bacteria;SBR1093	Bacteria;Spirochaetae	Bacteria;SR1 (Absconditabacteria)	Bacteria;Synergistetes	Bacteria;Tectomicrobia	Bacteria;Tenericutes	Bacteria;TM6 (Dependentiae)	Bacteria;Verrucomicrobia	Bacteria;WS1	Eukaryota;AB3F14RM1B12	Eukaryota;Amoebozoa;Archamoebae	Eukaryota;Amoebozoa;Discosea	Eukaryota;Amoebozoa;Gracilipodida	Eukaryota;Amoebozoa;LEMD255	Eukaryota;Amoebozoa;LKM74	Eukaryota;Amoebozoa;Schizoplasmodiida	Eukaryota;Amoebozoa;Tubulinea	Eukaryota;Archaeplastida;Chloroplastida;Charophyta;Klebsormidiophyceae	Eukaryota;Archaeplastida;Chloroplastida;Charophyta;Phragmoplastophyta	Eukaryota;Archaeplastida;Chloroplastida;uncultured	Eukaryota;Archaeplastida;Rhodophyceae;Cyanidiales	Eukaryota;Archaeplastida;Rhodophyceae;Porphyridiophyceae	Eukaryota;Archaeplastida;Rhodophyceae;Stylonematales	Eukaryota;BW-dinoclone28	Eukaryota;Centrohelida;Acanthocystidae	Eukaryota;Centrohelida;CV1-B1-93	Eukaryota;Centrohelida;H15-6	Eukaryota;Centrohelida;H26-1	Eukaryota;Centrohelida;Raphidiophryidae	Eukaryota;Cryptophyceae;Cryptomonadales	Eukaryota;Cryptophyceae;Kathablepharidae	Eukaryota;Cryptophyceae;P1-31	Eukaryota;D4P07G08	Eukaryota;DH147-EKD10	Eukaryota;Excavata;Discoba;Discicristata;Euglenozoa	Eukaryota;Excavata;Discoba;Discicristata;Heterolobosea	Eukaryota;Excavata;Discoba;Jakobida	Eukaryota;Haptophyta;Pav3	Eukaryota;Haptophyta;Pavlovophyceae	Eukaryota;Haptophyta;Prymnesiophyceae	Eukaryota;Haptophyta;T58	Eukaryota;Incertae Sedis;Ancyromonadida	Eukaryota;Incertae Sedis;Apusomonadidae	Eukaryota;Incertae Sedis;Breviatea	Eukaryota;Opisthokonta;Freshwater Opisthokonta	Eukaryota;Opisthokonta;Holozoa;Choanoflagellida	Eukaryota;Opisthokonta;Holozoa;Ichthyosporea	Eukaryota;Opisthokonta;Holozoa;Metazoa (Animalia);Eumetazoa;Bilateria;Annelida	Eukaryota;Opisthokonta;Holozoa;Metazoa (Animalia);Eumetazoa;Bilateria;Arthropoda	Eukaryota;Opisthokonta;Holozoa;Metazoa (Animalia);Eumetazoa;Bilateria;Brachiopoda	Eukaryota;Opisthokonta;Holozoa;Metazoa (Animalia);Eumetazoa;Bilateria;Bryozoa	Eukaryota;Opisthokonta;Holozoa;Metazoa (Animalia);Eumetazoa;Bilateria;Chaetognatha	Eukaryota;Opisthokonta;Holozoa;Metazoa (Animalia);Eumetazoa;Bilateria;Chordata;Cephalochordata	Eukaryota;Opisthokonta;Holozoa;Metazoa (Animalia);Eumetazoa;Bilateria;Chordata;Tunicata	Eukaryota;Opisthokonta;Holozoa;Metazoa (Animalia);Eumetazoa;Bilateria;Chordata;Vertebrata	Eukaryota;Opisthokonta;Holozoa;Metazoa (Animalia);Eumetazoa;Bilateria;Echinodermata	Eukaryota;Opisthokonta;Holozoa;Metazoa (Animalia);Eumetazoa;Bilateria;Entoprocta	Eukaryota;Opisthokonta;Holozoa;Metazoa (Animalia);Eumetazoa;Bilateria;Mollusca	Eukaryota;Opisthokonta;Holozoa;Metazoa (Animalia);Eumetazoa;Bilateria;Nematoda	Eukaryota;Opisthokonta;Holozoa;Metazoa (Animalia);Eumetazoa;Bilateria;Nemertea	Eukaryota;Opisthokonta;Holozoa;Metazoa (Animalia);Eumetazoa;Bilateria;Platyhelminthes	Eukaryota;Opisthokonta;Holozoa;Metazoa (Animalia);Eumetazoa;Bilateria;Rotifera	Eukaryota;Opisthokonta;Holozoa;Metazoa (Animalia);Eumetazoa;Bilateria;uncultured	Eukaryota;Opisthokonta;Holozoa;Metazoa (Animalia);Eumetazoa;Bilateria;Xenacoelomorpha	Eukaryota;Opisthokonta;Holozoa;Metazoa (Animalia);Eumetazoa;Cnidaria	Eukaryota;Opisthokonta;Holozoa;Metazoa (Animalia);Eumetazoa;Ctenophora	Eukaryota;Opisthokonta;Holozoa;Metazoa (Animalia);Porifera	Eukaryota;Opisthokonta;Nucletmycea;Discicristoidea;Incertae Sedis	Eukaryota;Opisthokonta;Nucletmycea;Discicristoidea;Nucleariida	Eukaryota;Opisthokonta;Nucletmycea;Fungi;Blastocladiomycota	Eukaryota;Opisthokonta;Nucletmycea;Fungi;Chytridiomycota	Eukaryota;Opisthokonta;Nucletmycea;Fungi;Cryptomycota	Eukaryota;Opisthokonta;Nucletmycea;Fungi;Dikarya;Ascomycota	Eukaryota;Opisthokonta;Nucletmycea;Fungi;Dikarya;Basidiomycota	Eukaryota;Opisthokonta;Nucletmycea;Fungi;Entomophthoromycota	Eukaryota;Opisthokonta;Nucletmycea;Fungi;Glomeromycota	Eukaryota;Opisthokonta;Nucletmycea;Fungi;Incertae Sedis	Eukaryota;Opisthokonta;Nucletmycea;Fungi;LKM15	Eukaryota;Opisthokonta;Nucletmycea;Fungi;Neocallimastigomycota	Eukaryota;Picozoa	Eukaryota;SA1-3C06	Eukaryota;SAR;Alveolata;Acavomonidia	Eukaryota;SAR;Alveolata;Apicomplexa	Eukaryota;SAR;Alveolata;BOLA914	Eukaryota;SAR;Alveolata;Ciliophora	Eukaryota;SAR;Alveolata;Dinoflagellata	Eukaryota;SAR;Alveolata;FV18-2D11	Eukaryota;SAR;Alveolata;H67	Eukaryota;SAR;Alveolata;Incertae Sedis	Eukaryota;SAR;Alveolata;NIF-4C10	Eukaryota;SAR;Alveolata;OLI11255	Eukaryota;SAR;Alveolata;Protalveolata	Eukaryota;SAR;Alveolata;SCM37C52	Eukaryota;SAR;Alveolata;SGUH942	Eukaryota;SAR;Alveolata;uncultured	Eukaryota;SAR;Rhizaria;Cercozoa	Eukaryota;SAR;Rhizaria;Retaria	Eukaryota;SAR;Stramenopiles;Bicosoecida	Eukaryota;SAR;Stramenopiles;D226	Eukaryota;SAR;Stramenopiles;Hyphochytriomycetes	Eukaryota;SAR;Stramenopiles;Incertae Sedis	Eukaryota;SAR;Stramenopiles;Labyrinthulomycetes	Eukaryota;SAR;Stramenopiles;MAST-1	Eukaryota;SAR;Stramenopiles;MAST-11	Eukaryota;SAR;Stramenopiles;MAST-12	Eukaryota;SAR;Stramenopiles;MAST-2	Eukaryota;SAR;Stramenopiles;MAST-22	Eukaryota;SAR;Stramenopiles;MAST-23	Eukaryota;SAR;Stramenopiles;MAST-24	Eukaryota;SAR;Stramenopiles;MAST-3	Eukaryota;SAR;Stramenopiles;MAST-4	Eukaryota;SAR;Stramenopiles;MAST-6	Eukaryota;SAR;Stramenopiles;MAST-7	Eukaryota;SAR;Stramenopiles;MAST-8	Eukaryota;SAR;Stramenopiles;MAST-9	Eukaryota;SAR;Stramenopiles;Ochrophyta	Eukaryota;SAR;Stramenopiles;Peronosporomycetes	unclassified
TARA_X000000368	0	0	0	0	4867	0	0	0	0	1293	0	0	3	4706	0	0	0	0	10313	0	0	0	0	166	0	8671	0	1	0	1	37	0	0	9	1	0	0	0	0	8	6014	0	79	1	0	0	7	0	170	6	73792	0	0	39	0	0	0	0	0	0	1244	0	0	0	0	0	0	0	0	0	0	0	0	0	0	0	0	0	0	0	0	0	1	1	1	0	0	8	0	0	0	0	50	0	0	0	0	0	0	3	0	28	0	0	0	0	0	0	0	0	0	0	0	0	0	0	0	9	0	0	0	0	0	0	0	1	0	0	0	0	0	0	1	0	0	0	0	17	45	0	0	0	5	0	421	1	0	0	6	16	2	0	0	0	2	2	2	1	4	0	0	0	40	37	0	7	6	5	86	0	28128
TARA_Y200000002	0	0	0	0	1134	0	0	0	0	19	0	0	0	1342	0	0	0	0	4795	0	0	5	0	92	0	5895	0	0	0	0	2	0	0	0	0	0	0	0	0	1	963	0	4	0	0	0	20	0	28	0	54415	0	0	11	0	0	0	0	0	0	954	0	0	0	2	0	0	0	0	0	0	0	0	0	0	0	0	0	1	0	1	0	0	0	2	0	0	22	0	0	0	0	79	0	0	0	0	0	0	6	2	5	0	0	0	0	1	0	0	0	0	0	0	0	0	0	0	7	0	0	0	0	0	0	0	1	1	0	0	0	0	0	23	0	0	0	0	13	9	0	0	0	0	0	344	0	0	0	35	2	6	0	0	0	5	15	6	0	1	0	0	0	134	27	0	8	1	8	132	0	19473
TARA_A200000159	0	0	0	0	1961	0	0	0	0	92	0	0	0	2540	0	0	0	0	4047	0	0	6	0	107	0	3558	0	1	0	0	127	0	25	5	4	0	0	0	0	1	1580	0	19	0	0	0	1	0	304	0	42546	0	1	20	0	0	0	0	0	0	565	0	0	0	0	0	0	0	0	0	0	2	0	0	0	0	0	0	0	0	0	0	0	2	0	0	0	5	0	0	0	0	9	0	0	0	0	0	6	0	4	52	0	0	1	0	2	3	2	0	1	0	0	0	0	0	0	9	3	0	0	0	0	1	0	1	5	0	0	0	0	0	2	0	0	0	0	24	24	0	0	0	1	0	248	0	0	0	18	74	26	0	0	0	1	1	0	0	0	0	0	0	34	1	0	2	0	1	38	1	18060
TARA_A200000113	0	0	0	0	489	0	0	0	0	74	0	0	3	1649	0	0	0	0	5616	0	0	3	0	10	0	1776	0	0	0	0	6	0	0	0	3	0	0	0	0	0	987	0	9	0	0	0	0	0	94	0	46799	0	0	10	0	0	0	0	0	0	590	0	0	0	0	0	0	0	0	0	0	3	0	0	0	0	0	0	0	0	0	0	0	1	0	0	0	1	0	0	0	0	7	0	0	1	0	0	1	1	0	11	0	0	0	0	1	2	0	0	0	0	0	0	0	0	0	1	0	0	0	0	0	0	0	2	3	0	0	0	0	0	0	0	0	0	0	1	11	0	1	0	0	0	36	0	0	0	1	1	14	0	0	0	2	0	1	0	0	0	0	0	6	1	0	0	1	17	8	1	14736
TARA_X000001036	0	0	0	0	4431	0	0	0	0	1689	0	0	1	4637	0	0	0	0	5608	0	0	0	0	751	0	3490	0	0	0	0	20	0	0	38	2	0	0	0	0	14	4650	0	105	11	0	0	26	1	581	1	49919	0	0	114	0	0	0	0	0	0	552	0	0	0	0	0	0	0	0	0	0	0	0	0	0	0	1	0	0	0	0	0	0	0	0	0	0	8	0	0	0	3	61	1	0	0	0	0	1	0	0	20	0	0	0	0	1	0	0	0	0	0	0	0	0	0	0	3	1	0	0	0	0	0	0	1	1	0	0	2	0	0	1	0	0	0	0	9	26	0	0	0	0	0	302	1	0	0	29	25	9	0	0	0	1	4	3	1	0	0	0	0	14	12	0	6	1	4	38	0	16630
TARA_X000000950	0	0	0	0	388	0	0	0	0	0	0	0	0	2149	0	0	0	0	14357	0	0	3	0	53	0	7401	0	0	0	0	10	0	0	0	0	0	0	0	0	0	1605	0	1	0	0	1	21	0	244	0	86639	0	0	4	1	0	0	0	0	0	1681	0	3	0	6	0	0	0	0	2	0	3	0	2	0	0	1	0	0	0	0	0	2	59	8	0	4	68	0	0	9	5	605	11	0	3	0	0	44	19	0	124	0	0	62	0	210	2	0	0	6	0	0	0	0	0	0	331	5	0	0	0	0	0	0	13	2	0	0	0	0	0	78	0	0	4	4	218	897	1	4	0	13	6	1839	9	9	0	85	62	145	0	3	0	33	65	12	3	1	1	0	0	156	86	0	18	6	35	416	26	32090
TARA_S200000501	0	0	0	0	3384	0	0	0	0	8	0	0	0	2852	0	0	0	0	7295	0	0	10	0	1524	0	7757	0	0	0	0	6	0	0	0	1	0	0	0	0	3	4533	0	28	0	0	0	51	0	98	4	56947	0	0	1241	0	0	0	0	0	0	1133	0	0	0	0	0	0	0	0	0	0	0	0	0	0	0	0	0	0	0	0	0	1	1	8	0	1	2	0	0	1	0	43	1	0	0	0	0	0	0	4	22	0	0	1	0	3	2	0	0	0	0	0	0	0	2	0	2	0	0	0	0	0	0	0	0	2	0	0	0	0	0	6	0	0	0	0	32	56	0	0	0	4	0	526	1	0	0	8	17	3	0	0	0	4	11	2	0	0	0	0	0	93	48	0	9	11	2	145	0	25227
TARA_A100000164	0	0	0	0	3213	0	0	0	0	284	0	0	3	3655	0	0	0	0	6890	0	0	18	0	1465	0	7629	0	0	0	0	30	0	0	21	0	0	0	0	0	8	4547	0	44	2	0	0	38	0	119	0	70659	0	1	1247	0	0	0	0	0	0	1067	0	0	0	0	0	0	0	0	0	0	0	0	0	0	0	0	0	0	0	0	0	0	1	3	0	1	2	0	0	0	0	41	1	0	5	0	0	2	0	2	18	0	0	0	0	2	1	0	0	0	0	0	0	0	0	0	0	0	0	0	0	0	0	0	0	0	0	0	0	0	0	2	0	0	0	0	10	6	0	0	0	0	0	165	0	0	0	8	9	21	0	0	0	2	10	0	0	0	0	0	0	66	22	0	8	12	1	81	0	28582
TARA_E500000081	0	0	0	0	719	0	0	0	0	181	0	0	0	1957	0	0	0	0	1619	0	0	0	0	513	0	2633	0	0	0	0	76	0	1	9	0	0	0	0	0	3	496	0	6	0	0	0	1	0	218	1	33148	0	0	176	0	0	0	0	0	0	565	0	0	0	0	0	0	0	0	0	0	1	0	0	0	0	0	0	0	0	0	0	0	0	2	0	0	2	0	0	0	0	56	0	0	0	0	0	0	0	0	14	0	0	0	0	3	3	0	0	0	0	0	0	0	0	0	1	0	0	0	0	0	18	0	0	2	0	0	0	0	0	7	0	0	0	0	7	14	0	0	0	0	0	503	0	0	0	38	12	0	0	0	0	4	10	14	2	0	0	0	0	37	19	0	8	5	2	90	0	9005
TARA_E500000075	0	0	0	0	344	0	0	0	0	35	0	0	0	1060	0	0	0	0	3022	0	0	1	0	635	0	2335	0	0	0	0	4	0	0	0	1	0	0	0	0	3	1890	0	3	0	0	0	12	0	174	1	55106	0	0	495	0	0	0	0	0	0	596	0	0	0	0	0	0	0	0	0	0	1	0	0	0	0	0	0	0	1	0	0	0	0	2	0	3	0	0	0	0	0	108	3	0	0	0	0	0	0	0	1	0	0	1	0	0	17	0	0	0	0	0	0	0	0	0	1	0	0	0	0	0	0	0	0	1	0	0	0	0	0	4	0	0	0	0	20	7	0	0	0	1	1	277	1	0	0	11	1	2	0	0	0	6	7	17	1	1	0	0	0	56	36	1	10	3	1	226	0	13032
TARA_E500000331	0	0	0	0	1034	0	0	0	0	1324	0	0	1	2319	0	0	0	0	3624	0	0	0	0	1387	0	11899	0	0	0	0	177	0	2	9	1	1	0	0	0	18	1428	0	29	3	0	0	24	0	230	12	50485	0	0	299	0	0	0	0	0	0	540	0	0	0	0	0	0	0	0	0	0	7	0	0	0	0	0	0	0	0	0	0	2	1	4	0	0	9	0	1	0	1	44	1	0	1	0	0	3	0	1	39	0	0	0	0	33	2	0	0	0	0	0	0	0	1	0	18	0	0	0	0	0	0	0	1	0	0	0	1	0	0	8	3	0	0	0	47	51	0	0	0	2	0	1136	1	0	0	5	53	35	0	0	0	11	14	9	4	0	0	0	0	31	152	0	25	30	4	243	0	18996
TARA_E500000178	0	0	0	0	53	0	0	0	0	12	0	0	1	1028	0	0	0	0	4265	0	0	6	2	235	0	10029	0	0	0	0	44	0	0	0	0	0	0	0	0	6	772	0	2	0	0	1	0	0	174	0	87419	0	0	174	0	0	0	0	1	0	2158	0	0	0	0	0	0	0	0	0	0	2	0	0	0	0	0	0	0	0	0	0	1	8	14	0	3	14	0	2	0	2	297	7	0	0	0	0	5	1	1	11	0	0	3	0	0	1	0	0	0	3	0	0	0	0	1	8	0	0	0	0	0	0	0	3	2	0	0	0	0	0	11	0	0	0	0	56	32	0	0	0	3	0	1178	2	0	0	36	10	35	0	1	1	16	29	33	1	1	0	0	0	96	99	0	22	25	18	611	0	24461
TARA_A100001011	0	0	0	0	72	0	0	0	0	0	0	0	1	2200	0	0	0	0	5937	0	0	11	0	137	0	4469	0	0	0	0	10	0	0	0	2	0	0	0	0	0	2551	0	14	0	0	0	3	0	163	31	53798	0	0	21	0	0	0	0	0	0	460	0	0	0	0	0	0	0	0	0	0	5	0	0	0	0	0	0	0	0	0	0	0	0	2	0	0	2	0	0	0	0	24	0	0	0	0	0	1	0	0	13	0	0	0	0	0	3	0	0	0	0	0	0	0	2	0	0	0	0	0	0	0	0	0	3	2	0	0	0	0	0	1	0	0	0	0	6	27	0	0	0	1	0	812	0	0	0	0	28	2	0	0	0	2	4	9	0	0	0	0	0	22	19	0	3	3	1	64	0	17206
TARA_A100001015	0	0	0	0	19	0	0	0	0	0	0	0	0	1825	0	0	0	0	8043	0	0	10	0	173	0	1719	0	0	0	0	22	0	0	0	2	2	0	0	0	1	1612	0	8	0	0	41	2	0	25	20	58033	0	0	32	0	0	0	0	0	0	2050	0	0	0	0	0	0	0	0	0	1	8	0	0	0	0	0	0	0	0	0	0	0	0	0	0	0	1	0	0	2	2	23	1	0	1	0	0	2	0	0	32	0	0	0	0	1	2	0	0	0	0	0	0	0	1	0	3	0	0	0	0	0	0	0	1	3	0	0	0	0	0	6	0	0	0	0	9	11	0	0	0	0	0	291	0	0	0	6	28	0	0	0	0	3	9	7	0	0	0	0	0	56	22	0	11	4	10	224	0	19188
TARA_A100001388	0	0	0	0	2459	0	0	0	0	55	4	0	1	1994	0	0	0	0	3226	0	0	11	0	313	0	15034	0	0	0	0	211	0	0	9	12	0	0	0	0	0	2277	0	5	0	0	5	35	1	123	19	51424	0	0	326	0	0	0	0	0	2	646	0	0	0	0	0	0	0	0	0	0	1	0	0	0	0	0	0	0	0	0	0	0	2	22	0	0	10	0	0	2	0	151	4	0	0	0	0	4	0	0	58	0	0	1	0	1	0	0	0	0	0	0	0	0	1	0	1	0	0	0	0	0	0	0	0	0	0	0	0	0	0	8	8	0	0	0	20	21	0	0	0	1	0	1404	0	0	0	30	28	0	0	0	0	5	44	1	0	0	0	0	0	112	87	0	12	7	10	318	0	44762
TARA_A100001037	0	0	0	0	10116	0	0	0	0	5062	1	0	106	2562	0	0	0	0	2507	0	0	6	0	8061	0	11693	0	21	0	0	47	0	0	677	0	0	0	0	0	6	5983	0	474	12	0	0	517	0	896	174	46491	0	0	512	6	0	0	0	0	10	1499	0	0	0	0	0	0	0	0	0	0	0	0	0	0	0	0	0	0	0	0	0	1	2	0	0	4	6	0	0	0	0	46	5	0	0	0	0	3	0	4	164	0	0	3	0	27	1	0	0	0	0	0	0	0	1	0	14	0	0	0	0	0	0	0	0	0	0	0	0	0	0	17	1	0	0	0	19	41	0	0	0	14	0	1228	0	0	0	3	267	10	0	0	0	6	15	0	0	0	0	0	0	38	19	0	2	5	0	132	0	22320
TARA_A100001035	0	0	0	0	1715	0	0	0	0	24	4	0	0	2700	0	0	0	0	2402	0	0	8	0	195	0	9459	0	0	0	0	189	0	0	14	5	0	0	0	0	0	2363	0	3	0	0	2	9	0	41	1	35204	0	0	225	0	0	0	0	0	2	246	0	0	0	0	0	0	0	0	0	0	1	0	0	0	0	0	0	0	2	0	0	0	6	21	0	1	10	0	0	0	0	149	1	0	0	0	0	6	2	4	321	0	0	1	0	0	0	0	0	1	0	0	1	0	5	0	11	0	0	1	0	0	0	0	0	0	0	0	0	0	0	15	17	0	0	0	33	63	0	1	1	4	1	2088	0	0	0	46	45	5	0	0	0	13	73	4	0	0	0	0	0	111	113	0	47	21	6	562	0	29675
TARA_A100001234	0	0	0	0	2474	0	0	0	0	202	42	0	0	1730	0	0	0	0	2322	0	0	0	1	152	0	8581	0	0	0	0	42	0	0	7	0	0	0	0	0	0	1369	0	8	0	0	0	9	0	64	0	32615	0	2	204	0	0	0	0	0	0	226	0	0	0	0	0	0	0	0	0	0	0	0	0	0	0	0	0	0	0	0	0	0	0	0	0	1	3	0	0	1	0	66	0	0	0	0	0	3	0	0	105	0	0	0	0	3	1	0	0	1	0	0	0	0	0	0	15	0	0	0	0	0	0	0	0	0	0	0	0	0	1	3	4	0	0	0	11	16	0	0	0	0	0	445	0	0	0	5	24	1	0	0	0	1	8	4	0	0	0	0	0	47	35	0	12	1	1	68	1	18198
TARA_B100000029	0	0	0	0	4273	0	0	0	0	4504	40	0	125	1241	0	1	0	0	910	0	0	2	0	2111	0	4049	0	2	0	0	14	0	0	151	16	0	0	0	0	18	3237	0	428	9	0	2	167	0	757	68	23760	0	2	62	21	0	0	0	0	0	542	0	0	0	7	0	0	0	0	1	0	1	0	0	0	0	1	0	0	0	0	0	0	6	5	0	44	98	0	0	0	0	35	0	0	0	0	0	14	0	5	474	0	0	6	0	110	0	0	0	1	0	0	0	0	1	0	33	0	0	0	0	0	0	0	2	0	0	0	0	0	0	6	4	0	0	0	32	138	0	2	0	15	0	2738	6	1	0	8	2186	2	0	0	0	51	17	0	0	0	0	0	0	21	16	0	7	15	1	84	0	7440
TARA_B100000003	0	0	0	0	3538	0	0	0	0	238	81	0	1	2104	0	0	0	0	1912	0	0	1	0	243	0	6403	0	0	0	0	10	0	0	9	0	0	0	0	0	2	1609	0	15	0	0	0	8	0	72	2	31193	0	2	121	0	0	0	0	2	1	216	0	0	0	4	0	0	0	0	0	0	0	0	0	0	0	0	0	0	0	0	0	0	2	3	0	0	6	0	0	0	0	123	0	0	0	0	0	0	0	0	456	0	0	0	0	7	0	0	0	0	0	0	0	0	1	0	26	1	0	0	0	0	0	0	0	0	0	0	0	0	0	3	3	0	0	0	23	40	0	0	0	0	0	255	2	0	0	4	29	3	0	0	0	4	1	10	0	0	0	0	0	38	59	0	13	5	0	94	1	16198
TARA_B100000035	0	0	0	0	2659	0	0	2	0	69	137	3	10	1979	2	0	0	0	3351	0	0	3	1	115	0	7448	0	0	0	0	24	0	0	3	1	1	0	0	0	1	2424	0	70	1	1	6	8	5	127	0	56733	0	0	51	2	0	0	0	0	1	1091	0	0	0	0	0	0	0	0	0	0	1	0	0	0	0	0	0	0	0	0	0	1	1	5	0	2	4	0	0	0	1	156	0	0	1	0	0	0	0	1	26	0	0	0	0	26	3	0	0	1	0	0	0	0	0	1	13	0	0	0	0	0	0	0	1	0	0	0	0	0	0	7	2	0	0	0	19	37	0	1	0	0	1	594	0	0	0	10	65	2	0	0	0	6	5	35	0	0	0	0	0	30	106	0	37	5	6	209	0	22445
TARA_Y100000022	0	0	0	0	1102	0	0	0	0	0	38	0	0	1042	0	0	0	0	1759	0	0	0	0	19	0	4075	0	0	0	0	15	0	0	0	0	0	0	0	0	0	1787	0	1	0	0	0	0	0	11	0	38335	0	2	22	0	0	0	0	0	0	447	0	0	0	0	0	0	0	0	0	0	0	0	1	0	0	0	0	0	0	0	0	0	0	1	0	0	4	0	0	0	0	22	0	0	0	0	0	0	0	0	8	0	0	0	0	0	0	0	0	0	0	0	0	0	0	0	9	0	0	0	0	0	0	0	0	0	0	0	0	0	0	2	1	0	0	0	9	39	0	1	0	0	0	191	0	0	0	6	9	1	0	0	0	1	7	10	0	0	0	0	0	27	46	0	11	2	1	64	0	13311
TARA_B100000315	4	0	67	5	1258	3	0	77	0	4135	1137	119	752	2806	42	24	0	0	417	2	0	24	0	3543	0	230	14	0	0	1	4	1	0	122	10	25	0	0	23	13	20159	2	3896	75	53	287	249	122	5082	20	32538	0	2	58	65	0	0	0	0	34	265	1	0	0	0	0	0	0	0	0	0	1	0	8	0	0	0	0	0	0	0	0	0	0	0	0	0	5	0	0	0	0	0	0	0	0	0	0	0	0	0	9	0	0	0	0	1	0	0	0	0	0	0	0	0	0	0	108	0	0	0	1	0	0	0	5	2	0	0	0	0	0	0	0	0	0	0	0	2	0	0	0	0	0	53	0	0	0	0	46	0	0	0	0	0	0	0	0	0	0	0	0	0	0	0	0	0	0	0	0	11091
TARA_B100000073	0	0	0	0	2627	0	0	0	0	525	265	0	12	2254	0	0	0	0	2549	0	0	1	1	845	0	16425	0	0	0	0	130	0	0	35	8	0	0	0	0	6	4359	0	27	1	0	0	10	0	98	20	40034	0	0	81	0	0	0	0	0	0	259	0	0	0	0	0	0	0	0	0	0	0	0	5	0	0	0	0	0	0	0	1	2	3	24	0	2	15	0	0	0	0	103	0	0	0	0	0	2	0	0	56	0	0	0	0	76	1	0	0	0	0	0	0	0	0	0	52	2	0	0	0	0	0	0	5	0	0	1	0	0	0	1	1	0	1	0	33	90	0	2	0	2	1	702	3	2	0	23	78	3	0	0	0	12	23	14	0	0	0	0	0	18	84	0	31	13	4	145	2	28297
TARA_Y100000294	0	0	14	0	407	0	0	22	4	1074	332	19	264	1524	8	9	0	0	154	2	0	4	0	1064	0	341	7	0	0	1	0	2	0	38	8	13	0	0	5	6	7466	1	1390	14	18	85	107	27	2445	3	25379	0	1	6	11	0	0	0	1	15	97	0	0	0	0	0	0	0	0	0	0	0	0	0	0	0	0	0	0	0	0	0	0	0	0	0	0	23	0	0	0	0	0	0	0	0	0	0	0	0	0	1	0	0	0	0	0	0	0	0	0	0	0	0	0	0	0	5	0	0	0	0	0	0	0	1	0	0	0	0	0	0	0	1	0	0	0	0	0	0	0	0	0	0	21	0	0	0	0	2	12	0	0	0	0	0	0	0	0	0	1	0	0	0	0	0	0	0	1	0	7131
TARA_Y100000287	0	0	0	0	2707	0	0	0	0	10	304	0	3	1889	0	0	0	0	2008	0	0	1	1	67	0	7704	0	0	0	0	85	0	0	0	0	0	0	0	0	0	1894	0	3	0	0	0	0	0	27	0	31033	0	0	72	0	0	0	0	2	0	638	0	0	0	0	0	0	0	0	0	0	0	0	2	0	0	0	0	0	0	0	0	0	0	11	0	1	21	0	0	0	0	41	0	0	0	0	0	6	0	0	3	0	0	0	0	4	0	0	0	0	0	0	0	0	0	0	54	0	0	0	0	0	0	0	0	0	0	0	0	0	0	13	4	0	0	0	0	7	0	0	0	2	2	307	0	0	0	23	2	3	0	0	0	6	41	23	0	0	0	0	0	32	102	0	34	5	9	194	0	19374
TARA_B100000085	0	0	0	0	2050	0	0	0	0	9	214	0	1	2382	0	0	0	0	2083	0	0	5	0	225	0	10367	0	0	0	0	43	0	0	1	2	0	0	0	0	1	2041	0	5	0	0	0	10	0	231	0	28386	0	1	80	0	0	0	0	5	0	895	0	0	0	0	0	0	0	0	0	0	0	0	0	0	0	0	0	0	0	0	0	0	0	9	0	6	19	0	0	1	9	254	3	0	0	0	0	0	0	2	31	0	0	0	0	0	0	0	0	0	0	0	0	0	0	0	94	0	0	0	0	0	0	0	0	0	0	0	0	0	0	3	4	0	0	0	21	27	0	0	0	0	1	828	0	0	0	16	43	4	0	0	0	15	6	13	0	0	0	0	0	67	67	0	31	22	1	209	0	21535
TARA_Y100000031	0	0	30	2	527	0	0	44	5	903	890	73	478	2600	20	14	0	0	388	0	0	18	1	1686	0	398	7	0	0	0	15	1	0	20	32	10	0	0	3	11	12087	3	801	14	37	262	138	73	4614	8	31532	0	1	4	54	0	0	0	2	42	96	0	0	0	1	0	0	0	0	0	0	0	0	0	0	0	0	0	0	0	0	0	0	0	0	0	0	12	0	0	0	0	0	0	0	0	0	0	0	0	0	1	0	0	0	0	0	2	0	0	0	0	0	0	0	0	0	5	0	0	0	0	0	0	0	21	1	0	0	0	0	0	0	0	0	0	0	0	0	0	0	0	0	0	20	0	0	0	0	4	9	0	0	0	0	0	0	0	0	0	0	0	0	0	0	0	0	0	1	0	8744
TARA_B100000287	0	0	0	0	5911	0	0	0	0	565	142	0	6	3480	0	0	0	0	2434	0	0	0	0	206	0	6112	0	0	0	0	3	0	0	7	3	1	0	0	0	16	4927	0	35	0	0	0	0	0	79	0	35434	1	1	34	2	0	0	0	2	0	197	0	0	0	6	0	0	0	0	0	0	0	0	0	0	0	0	0	0	0	0	0	0	0	2	0	0	11	0	0	0	0	22	0	0	0	0	0	4	0	5	36	0	0	0	2	18	0	0	0	0	0	0	0	0	2	0	82	0	0	0	0	0	0	0	0	0	0	0	0	1	0	1	3	0	0	0	3	19	0	0	0	3	0	247	0	0	0	22	123	4	0	0	1	19	2	1	3	0	0	0	0	22	14	0	3	4	2	45	0	14201
TARA_B100000282	0	0	0	0	2035	0	0	0	0	1	0	0	0	2955	0	0	0	0	2678	0	0	5	0	39	0	8334	0	0	0	1	29	0	0	0	2	0	0	0	0	0	1082	0	2	0	0	0	20	0	49	0	50285	0	2	205	0	0	0	0	0	0	523	0	0	0	45	0	0	0	0	7	0	1	0	0	0	0	0	0	0	0	0	0	0	2	11	0	2	36	0	2	0	1	119	1	0	0	0	0	4	0	4	27	0	0	2	0	8	2	0	0	0	0	0	0	0	1	0	3	0	0	0	0	0	0	0	0	1	0	0	0	0	0	16	2	0	0	0	18	29	0	0	0	1	0	844	0	0	0	39	26	10	0	0	0	8	34	22	2	0	0	0	0	136	106	0	45	8	17	291	2	31722
TARA_B100000131	0	0	0	0	3349	0	0	0	0	343	8	0	5	3666	0	0	0	0	962	0	0	1	0	677	0	4118	0	0	0	0	39	0	0	16	19	2	0	0	0	1	4108	0	13	0	0	14	6	0	145	5	24870	0	0	163	0	0	0	0	0	0	87	0	0	0	2	0	0	0	0	5	0	0	0	0	0	0	0	0	0	0	0	0	0	0	0	0	0	4	0	0	0	0	4	0	0	0	0	0	1	0	1	11	0	0	0	0	6	0	0	0	0	0	0	0	0	0	2	29	0	0	0	0	0	0	0	2	0	0	0	0	0	0	1	0	0	0	0	8	5	0	0	0	0	0	149	0	1	0	5	37	4	0	0	0	0	1	0	1	0	0	0	0	17	1	0	3	0	0	17	1	12085
TARA_B100000123	0	0	0	0	2217	0	0	0	0	3	0	0	0	3351	0	0	0	0	2586	0	0	5	0	107	0	5722	0	0	0	0	81	0	0	0	9	0	0	0	0	0	1349	0	11	0	0	0	14	0	90	0	53887	0	0	170	0	0	0	0	0	0	337	0	0	0	4	0	0	0	0	10	0	0	0	0	0	0	0	0	0	0	0	0	0	0	7	0	0	35	4	3	0	0	19	1	0	0	0	0	12	0	4	39	0	0	6	0	0	0	0	0	0	0	0	0	0	0	1	7	0	0	0	0	0	0	0	4	0	0	0	0	0	0	6	0	0	0	0	15	25	0	0	0	1	1	402	1	1	0	20	10	17	0	0	0	2	22	3	3	0	0	0	0	148	32	0	7	2	14	110	0	26763
TARA_B100000161	0	0	0	0	1266	0	0	0	0	0	0	0	0	2535	0	0	0	0	3540	0	0	3	0	74	0	12090	0	0	0	0	47	0	0	1	12	0	0	0	0	0	914	0	6	0	0	0	15	0	66	0	57999	0	15	295	0	0	0	0	0	0	549	0	0	0	17	0	0	0	0	0	0	2	0	0	0	0	0	0	0	0	0	0	0	1	4	0	2	13	0	0	0	0	61	0	0	0	0	0	7	0	0	24	0	0	2	0	1	0	1	0	0	0	0	0	0	0	0	3	0	0	0	0	0	0	0	58	1	0	0	0	0	0	21	4	0	0	0	24	35	0	0	0	0	0	556	1	0	0	23	22	11	0	0	0	7	31	17	2	0	0	0	0	207	109	0	26	9	22	144	0	43424
TARA_B100000242	0	0	0	0	1726	0	0	0	0	0	0	0	0	2810	0	0	0	0	3526	0	0	7	0	57	0	10825	0	0	0	0	11	0	0	0	8	0	0	0	0	0	983	0	11	0	0	0	55	0	48	0	73459	0	74	209	0	0	0	0	0	3	459	0	0	0	8	0	0	0	0	23	0	0	0	0	0	0	0	1	1	1	0	0	0	0	4	0	1	48	0	0	0	1	90	3	0	0	0	0	3	0	1	20	0	0	0	0	2	0	0	0	0	0	0	0	0	0	0	1	0	0	0	0	0	0	0	1	1	0	0	0	0	0	7	0	0	0	0	9	30	0	0	0	5	0	353	2	0	0	9	9	0	0	0	0	5	25	4	0	0	0	0	0	137	53	0	9	2	18	161	0	43355
TARA_B100000214	0	0	0	0	3752	0	0	0	0	4	2	0	2	2374	0	0	0	0	2941	0	0	14	0	812	0	10095	0	0	0	0	24	0	0	1	24	1	0	0	0	1	3189	0	23	0	0	11	11	0	144	2	49224	0	24	158	0	0	0	0	0	0	331	0	0	0	10	0	0	0	0	0	0	0	0	0	0	0	0	0	0	0	0	0	0	0	9	0	0	9	0	0	0	1	34	0	0	0	0	0	5	0	0	7	0	0	1	0	0	0	0	0	0	0	0	0	0	0	0	11	0	0	1	0	0	1	0	1	1	0	0	0	0	0	0	3	0	0	0	5	18	0	0	0	0	0	783	0	0	0	4	87	6	0	0	0	4	15	2	2	0	0	0	0	19	24	0	3	10	1	59	0	21436
TARA_B100000212	0	0	0	0	2338	0	0	0	0	0	0	0	0	1404	0	0	0	0	2911	0	0	4	0	93	0	15781	0	0	0	0	3	0	0	0	0	1	0	0	0	2	3451	0	5	0	0	0	55	0	75	0	46917	0	7	413	0	0	0	0	0	0	596	0	0	0	16	0	0	0	0	0	0	0	0	0	0	0	0	0	0	0	0	0	0	0	3	0	1	17	0	0	0	0	57	0	0	0	0	0	2	0	9	5	0	0	0	0	0	0	0	0	0	0	1	0	0	0	0	4	0	0	0	0	0	0	0	9	0	0	0	0	0	0	7	2	0	0	0	13	17	0	0	0	1	0	332	0	0	0	18	28	6	0	0	0	3	7	5	0	0	0	0	0	52	38	0	9	4	6	223	0	32959
TARA_B100000378	0	2	0	0	1713	0	0	0	0	14348	39	0	782	6779	0	0	0	0	8346	0	0	3	0	687	0	1564	0	0	0	0	130	0	0	358	10	12	0	0	0	14	4362	0	732	7	0	31	79	0	579	38	37045	0	376	25	4	0	0	0	0	1	826	0	0	0	7	0	0	0	0	0	0	3	0	0	0	0	0	0	0	0	0	0	1	7	1	0	1	84	0	0	1	0	50	2	0	0	0	0	4	0	2	259	0	0	12	0	6	0	0	0	0	0	0	0	0	0	0	85	3	0	0	0	0	0	0	646	9	0	0	0	0	0	5	4	0	0	0	57	54	0	0	0	2	0	771	7	0	0	9	901	23	0	0	0	5	12	3	0	0	0	0	0	29	9	0	8	5	2	51	0	14789
TARA_B000000609	0	0	0	0	2494	0	0	0	0	57	0	0	0	1944	0	0	0	0	2819	0	0	4	0	404	0	8280	0	0	0	0	143	0	0	1	17	0	0	0	0	0	2578	0	7	0	0	3	75	0	138	0	47408	0	0	203	0	0	0	0	0	1	757	0	0	0	0	0	0	0	0	0	0	1	0	0	0	0	0	0	0	0	0	0	0	10	16	0	3	17	0	2	5	5	205	9	0	0	0	0	15	0	5	10	0	0	3	0	10	0	0	0	0	0	0	0	0	0	0	0	4	0	0	0	0	0	0	2	0	0	0	0	0	0	23	4	0	0	0	42	90	0	0	0	4	1	1439	14	2	0	12	248	2	1	0	0	17	73	7	0	0	1	0	0	117	55	0	16	5	2	162	0	33115
TARA_B000000565	0	0	0	0	2252	0	1	0	0	97	9	0	3	2464	0	0	0	0	4037	0	0	6	1	275	0	14030	0	0	2	0	36	0	7	13	3	0	0	0	0	12	1860	0	9	0	2	7	18	6	308	1	40978	0	3	116	3	0	0	0	3	0	885	0	0	0	0	0	0	1	0	0	0	0	0	0	0	0	0	0	1	0	0	0	2	6	7	0	0	11	0	0	1	1	219	3	0	0	0	0	3	0	3	10	0	4	5	0	11	8	1	0	2	0	0	0	0	0	0	14	0	35	1	0	0	0	0	2	0	0	0	0	0	0	22	1	0	0	0	43	72	0	0	0	2	0	350	9	1	0	11	55	0	0	0	0	20	57	23	0	1	0	0	0	63	38	0	22	3	1	184	0	30329
TARA_B000000557	0	0	0	0	2340	0	0	0	0	22	1	0	1	2905	0	0	0	0	3304	0	0	5	0	287	0	7360	0	0	0	0	310	0	0	1	35	0	0	0	0	1	2732	0	7	0	0	1	49	0	240	2	46308	0	0	194	4	0	0	0	0	0	1095	0	0	0	0	0	0	8	0	0	0	0	0	0	0	0	0	0	0	0	0	0	8	12	6	0	1	11	0	0	1	5	167	4	0	0	0	0	2	0	0	33	0	0	2	0	1	0	0	0	0	0	0	0	0	0	0	5	1	0	0	0	0	0	0	0	0	0	0	0	0	0	3	2	0	0	0	17	41	0	0	0	0	0	435	5	0	0	10	127	1	0	0	0	21	25	11	0	0	0	1	0	93	19	0	17	11	0	158	0	26242
TARA_B000000532	0	0	0	0	2282	0	0	0	0	32	1	0	1	1770	0	0	0	0	3184	0	0	2	0	197	0	5909	0	0	0	0	19	0	2	2	0	0	0	0	0	2	2072	0	17	0	1	0	8	1	69	4	34030	0	0	69	2	0	0	0	1	0	360	0	0	0	0	0	0	2	0	0	0	0	0	0	0	0	0	0	0	0	0	0	5	19	1	0	3	29	0	1	0	3	201	1	0	0	0	0	6	0	6	43	0	0	9	0	68	1	0	0	0	0	0	0	0	1	0	41	7	11	0	0	0	0	0	3	0	0	0	0	0	0	23	1	0	1	0	60	111	0	0	0	3	2	693	7	1	0	9	115	3	1	0	0	8	13	13	0	0	0	0	0	41	35	0	10	2	3	148	0	18670
TARA_B100000405	0	0	0	0	9337	0	0	0	0	776	2	0	7	4215	0	0	0	0	4748	0	0	0	0	1652	0	16786	0	0	0	0	3	0	0	242	0	0	0	0	0	3	5596	0	37	0	0	0	86	0	356	54	72175	0	0	280	0	0	0	0	0	0	1205	0	0	0	8	0	0	140	0	0	0	1	0	0	0	0	1	0	1	0	0	1	55	8	9	0	4	47	0	2	7	3	410	1	0	0	0	0	11	0	8	64	0	0	1	0	18	0	0	0	0	0	0	0	0	7	0	45	7	2	0	0	0	0	0	1	0	0	0	0	0	0	42	0	0	0	0	103	178	0	0	0	4	3	1341	20	4	0	30	213	50	0	1	0	47	53	16	2	0	0	0	0	73	59	0	24	23	0	525	0	40719
TARA_B100000408	0	12	0	0	1563	0	0	0	0	10355	21	0	725	1638	0	0	0	0	1341	1	0	3	0	1971	0	140	0	1	0	0	52	0	0	337	7	9	0	0	0	23	4494	0	576	29	0	8	126	1	609	56	25615	0	56	2	19	0	0	0	0	1	635	0	0	0	11	0	0	0	0	0	0	3	0	0	0	0	1	0	0	0	0	0	0	3	0	0	1	174	0	1	0	0	5	0	0	0	0	0	2	0	2	82	0	0	5	0	7	13	0	1	0	0	0	0	0	0	0	511	3	0	0	0	0	0	0	54	3	0	0	0	0	0	6	0	0	0	0	49	24	0	0	0	2	0	1365	0	0	0	18	727	77	0	0	0	17	2	0	0	0	0	0	0	4	3	0	0	2	0	9	0	11029
TARA_B100000401	0	0	0	0	7632	0	0	0	0	298	2	0	3	3844	0	0	0	0	7502	0	0	1	0	1458	0	18074	0	0	0	0	6	0	0	65	1	0	0	0	0	4	5800	0	55	0	0	4	44	0	197	37	83632	0	0	253	0	0	0	0	0	0	885	0	0	0	1	0	0	21	0	0	0	0	0	0	0	0	0	0	0	0	0	3	30	14	9	0	7	41	0	3	8	0	275	0	1	0	0	0	24	0	4	26	0	0	1	0	37	0	0	0	1	0	0	0	0	0	0	39	3	0	0	0	0	0	1	1	0	0	0	0	0	0	27	0	0	0	0	207	197	0	1	0	3	4	1413	16	4	0	14	153	48	0	0	0	24	69	11	0	2	0	0	0	67	96	1	29	15	1	309	0	53171
TARA_B000000441	0	0	0	0	8418	0	0	0	0	1201	5	0	20	3833	0	1	0	0	7058	0	0	5	2	1599	0	10295	0	7	0	0	34	0	0	148	2	1	0	0	0	10	5497	0	113	0	0	10	75	0	552	51	74116	0	35	358	0	0	0	0	3	0	1302	0	0	0	4	0	0	0	0	0	0	2	0	0	0	0	3	0	0	0	0	0	82	2	15	0	1	39	0	1	1	0	255	0	0	0	0	0	18	0	2	405	0	0	6	0	23	2	41	0	0	0	0	0	0	1	0	191	9	0	0	0	0	0	1	25	3	0	0	0	0	0	45	3	0	2	0	126	79	0	0	0	1	1	1466	8	0	0	31	478	12	0	0	0	61	107	8	2	1	0	0	0	79	81	0	21	18	1	386	0	35671
TARA_B000000460	0	9	1	0	3254	0	0	0	0	18945	29	0	1281	3821	0	0	0	0	2886	1	0	1	1	3087	0	377	0	3	0	0	81	0	0	639	6	16	0	0	0	42	8016	0	1173	73	0	8	210	0	1133	112	46712	0	112	1	29	0	0	0	3	2	1192	0	0	0	18	0	0	0	0	0	0	21	0	0	0	0	1	0	0	0	0	0	2	4	1	0	2	143	0	1	0	3	23	0	0	0	0	0	4	0	5	1662	0	0	13	2	34	28	21	0	4	0	1	0	0	8	0	268	22	0	0	0	0	0	0	750	7	0	0	0	0	0	10	0	0	1	0	65	58	0	0	0	6	0	2465	0	0	0	22	1598	22	0	0	0	24	4	1	0	0	0	0	0	14	5	0	0	4	1	109	0	21345
TARA_B000000437	0	0	0	0	3133	0	0	0	0	357	0	0	4	1473	0	0	0	0	2390	0	0	4	0	660	0	4459	0	0	0	0	0	0	0	47	1	0	0	0	0	3	2570	0	43	2	0	0	22	0	181	11	31884	0	0	141	0	0	0	0	1	0	434	0	0	0	1	0	0	10	0	0	0	0	0	0	0	0	2	0	0	0	0	0	35	5	7	0	1	14	0	0	1	0	151	0	0	0	0	0	8	0	1	16	0	0	0	0	26	0	0	0	0	0	0	0	0	0	0	25	2	0	0	0	0	0	0	0	2	0	0	0	0	0	40	1	0	0	0	63	45	0	0	0	1	0	600	6	1	0	20	121	16	0	0	1	19	55	11	0	2	0	0	0	47	46	0	25	11	0	183	0	11599
TARA_B000000477	0	0	0	0	1694	0	0	0	0	377	0	0	2	638	0	0	0	0	2369	0	0	0	0	209	0	3141	0	0	0	0	3	0	0	14	0	0	0	0	0	2	1516	0	54	0	0	0	9	0	73	4	20809	0	3	56	0	0	0	0	0	0	209	0	0	0	0	0	0	0	0	0	0	0	0	0	0	0	0	0	0	0	0	0	55	7	4	0	3	9	0	1	0	4	61	0	0	0	0	0	13	1	0	6	0	0	0	0	1	0	0	0	0	0	0	0	0	0	0	2	4	0	0	0	0	0	0	2	0	0	0	1	0	0	13	0	0	0	0	83	57	0	0	0	2	0	833	3	0	0	6	63	2	0	0	0	13	14	0	0	4	0	0	0	44	27	0	11	4	1	105	0	6990
TARA_B000000475	0	0	0	0	3223	0	0	0	0	604	0	0	1	1480	0	0	0	0	4471	0	0	0	0	307	0	5479	0	0	0	0	0	0	0	18	0	0	0	0	0	3	2676	0	72	1	0	0	6	0	147	7	36389	0	0	91	0	0	0	0	0	0	432	0	0	0	0	0	0	0	0	0	0	0	0	0	0	0	0	0	0	0	0	0	72	15	5	0	3	13	0	0	5	5	127	0	0	0	0	0	8	0	2	9	0	0	0	0	9	0	0	0	0	0	0	0	0	0	0	13	2	0	0	0	0	0	0	0	0	0	0	0	0	0	25	0	0	0	0	139	77	0	1	0	5	0	951	1	0	0	6	77	2	0	0	0	35	26	0	0	2	0	0	0	54	79	0	22	9	2	150	0	12143
TARA_B100000497	0	0	0	0	397	0	0	0	0	144	1	0	0	805	0	0	0	0	5857	0	0	3	0	3	0	5466	0	0	0	0	4	0	0	3	0	1	0	0	0	0	545	0	31	0	0	1	4	0	354	0	17601	0	0	8	0	0	0	0	0	0	703	0	0	0	0	0	0	0	0	0	0	0	0	0	0	1	0	0	0	0	0	0	162	44	7	0	6	22	0	0	2	9	495	1	0	0	0	0	4	0	0	0	0	0	0	0	0	0	0	0	0	0	0	0	0	0	0	0	0	0	0	0	0	0	0	2	0	0	0	0	0	0	35	0	0	0	0	290	480	1	8	0	28	0	1440	1	0	0	125	13	0	0	0	2	22	15	4	8	41	0	0	0	43	9	0	5	7	1	240	0	8797
TARA_B100000482	0	0	0	0	1516	0	0	0	0	1035	0	0	3	501	0	0	0	0	1977	0	0	2	0	191	0	13015	0	0	0	0	0	0	0	8	0	0	0	0	0	0	900	0	42	0	0	0	5	0	92	4	21723	0	0	58	0	0	0	0	0	0	463	0	0	0	0	0	0	0	0	0	0	0	0	0	0	0	5	0	0	0	0	0	9	13	0	0	5	27	0	2	3	10	660	0	0	0	0	0	6	9	2	180	0	0	0	0	9	1	0	0	0	0	0	0	0	1	0	1	1	0	0	0	0	0	0	6	0	0	0	0	0	0	6	0	0	0	0	167	125	0	1	0	1	4	1242	6	1	0	8	228	19	0	0	0	29	15	0	0	4	0	0	0	48	26	0	17	15	0	1003	2	14219
TARA_B100000470	0	1	0	0	3881	0	0	0	0	14844	41	0	1012	2526	0	0	0	0	1868	0	0	8	0	2977	0	172	1	3	0	0	36	0	1	464	4	11	0	0	0	117	7084	0	1170	108	0	5	291	2	1252	108	46541	0	2	0	3	0	0	0	0	2	1279	0	0	0	3	0	0	0	0	0	0	7	0	0	0	0	1	0	0	0	0	0	9	7	0	0	0	139	0	0	2	2	13	0	1	3	0	0	1	1	5	39	0	0	0	0	33	22	0	0	3	0	0	0	0	1	0	191	23	0	0	0	0	0	0	30	4	2	0	0	0	0	22	0	0	0	0	59	31	0	0	0	2	0	1746	1	0	0	26	4910	189	2	0	0	36	4	0	2	0	0	0	0	6	2	0	1	7	0	21	0	30994
TARA_B100000475	0	0	0	0	1091	0	0	0	0	1036	0	0	5	437	0	0	0	0	2092	0	0	1	0	124	0	19836	0	0	0	0	1	0	0	14	0	0	0	0	0	0	868	0	57	1	0	0	3	0	99	5	23804	0	2	64	0	0	0	0	0	0	511	0	0	0	1	0	0	0	0	0	0	0	0	0	0	0	2	0	0	0	0	0	17	6	1	0	4	19	0	1	1	8	933	3	0	0	0	0	9	1	0	28	0	0	0	0	17	0	0	0	0	0	0	0	0	1	0	17	0	0	0	0	0	0	0	3	0	0	0	0	0	0	14	0	0	0	0	294	156	0	0	0	0	1	803	0	0	0	5	30	54	0	0	0	19	17	0	0	0	0	0	0	32	28	0	18	17	7	1414	0	16880
TARA_B100000446	0	8	0	0	1285	0	0	0	0	9443	19	0	693	952	0	0	0	0	1053	0	0	0	1	1499	0	84	0	1	0	0	18	0	1	296	7	9	0	0	3	27	3023	0	559	9	0	8	148	0	501	67	69664	0	8	2	14	0	0	0	1	1	693	0	0	0	32	0	0	0	0	0	0	9	0	0	0	0	0	0	0	0	0	0	0	1	0	0	0	549	0	1	0	1	9	0	139	2	0	0	1	0	0	296	0	0	4	0	1	15	0	0	1	0	0	0	0	1	0	34	2	0	0	0	0	0	0	26	4	0	0	0	0	0	1	0	0	0	0	35	46	0	0	0	1	0	1620	0	0	0	14	5548	1178	0	0	0	3	6	0	1	0	0	0	0	1	1	1	1	1	2	8	0	27006
TARA_B100000459	0	0	0	0	2945	0	0	0	0	30	1	0	1	271	0	0	0	0	1499	0	0	1	0	148	0	8434	0	0	0	0	0	0	1	14	0	0	0	0	0	2	801	0	10	0	0	0	6	0	99	1	16760	0	0	22	0	0	0	0	0	0	482	0	0	0	2	0	0	0	0	0	0	2	0	0	0	0	6	0	0	0	0	0	1	17	0	0	6	107	0	1	1	16	909	0	5	0	0	0	15	0	1	113	0	0	0	0	39	0	0	0	0	0	0	0	0	2	0	4	1	1	0	0	0	0	0	20	2	0	0	0	0	0	87	0	0	0	0	192	225	1	0	0	4	0	2451	21	0	0	20	232	73	0	0	0	13	94	1	1	0	0	0	0	87	12	0	22	32	3	1165	0	10946
TARA_B100000427	0	0	0	0	1126	0	0	0	0	134	1	0	1	1630	0	0	0	0	2396	0	0	7	0	579	0	3144	0	0	0	0	82	0	1	28	16	0	0	0	0	1	2965	0	24	1	0	9	23	0	81	17	26972	0	0	51	0	0	0	0	0	0	453	0	1	0	6	0	0	0	0	7	0	1	0	0	0	0	0	0	0	0	0	0	0	12	7	0	0	26	0	0	1	5	15	0	0	0	0	0	3	0	0	27	0	0	0	0	1	0	0	0	0	0	0	0	0	0	0	8	0	0	0	0	0	0	1	12	0	0	0	0	0	0	11	5	0	0	0	24	64	1	0	0	4	0	655	9	0	0	3	386	6	0	0	0	12	28	3	0	0	0	0	0	34	16	0	8	13	1	49	0	7862
TARA_B100000508	0	1	0	0	1301	0	0	0	0	4552	19	0	189	1081	0	0	0	0	2497	0	0	12	3	843	0	3259	0	5	0	6	42	0	2	125	5	6	0	0	0	17	2181	0	223	14	0	2307	83	0	270	18	34626	0	2	48	9	0	0	0	6	0	587	0	0	0	78	0	0	2	0	23	0	0	0	1	0	0	0	0	0	0	0	0	0	7	4	0	3	339	0	2	1	0	93	4	7	2	0	0	9	1	13	611	0	0	3	0	14	5	0	0	1	0	0	0	0	9	0	121	12	0	0	0	0	1	1	30	2	0	0	0	0	0	13	1	0	0	0	185	167	0	0	0	1	1	2014	13	0	0	35	3699	125	0	0	3	18	12	1	0	0	0	0	0	26	13	0	4	5	2	85	3	17462
TARA_B100000424	0	0	0	0	1454	0	0	0	0	3	3	0	1	1229	0	0	0	0	2569	0	0	5	0	251	0	7150	0	0	0	0	47	0	2	5	8	0	0	0	0	1	1962	0	8	0	0	16	65	0	56	18	40966	0	0	88	0	0	0	0	0	0	406	0	1	0	94	0	0	0	0	22	0	1	0	0	0	1	1	0	0	1	0	0	0	15	6	0	9	44	0	2	2	2	363	13	0	3	0	0	22	0	18	607	0	0	4	0	67	6	1	0	0	0	0	0	0	5	0	49	2	0	1	0	0	0	0	44	3	0	0	0	0	0	31	5	0	1	0	585	408	0	1	0	7	3	3075	53	1	0	33	407	70	0	0	0	4	27	6	0	0	0	0	0	72	45	0	6	9	7	367	1	22443
TARA_B100000519	0	0	0	0	3381	0	0	0	0	532	0	0	9	3031	0	0	0	0	1250	0	0	7	1	2164	0	6496	0	9	0	0	10	0	1	106	0	1	0	0	0	1	4497	0	16	0	0	2	81	0	629	129	28097	0	1	132	2	0	0	0	0	0	961	0	1	0	49	0	0	0	0	5	0	11	0	0	0	0	7	0	0	0	0	0	7	24	13	0	13	166	0	2	0	20	467	11	0	0	0	0	21	2	42	1087	0	0	5	0	48	13	10	0	15	0	0	0	0	7	0	72	5	0	0	0	0	4	3	57	1	0	1	0	0	0	102	0	0	1	0	1268	556	0	3	0	8	4	5689	95	5	0	20	1467	55	0	0	0	39	71	6	0	0	0	0	0	127	59	0	23	26	3	317	1	19105
TARA_B100000749	0	16	0	0	2057	0	0	0	0	18346	37	0	1585	3107	0	0	0	0	1795	4	0	6	0	4451	0	92	1	9	0	2	23	0	1	720	3	12	0	0	0	68	5012	0	937	61	0	25	265	1	982	110	48229	0	7	0	66	0	0	0	1	0	1437	0	0	0	75	0	0	0	0	63	0	9	0	0	0	0	0	0	0	0	0	0	0	7	0	0	1	482	0	0	0	1	8	0	4	1	0	0	12	0	3	119	0	0	7	0	12	6	0	0	0	19	0	0	0	1	0	45	7	1	0	0	0	0	0	69	5	0	0	0	0	0	21	0	0	0	0	175	49	0	1	0	6	0	1689	0	0	0	31	2935	29	0	0	0	12	8	0	0	0	0	0	0	5	0	0	0	3	0	133	1	19982
TARA_B100000513	0	0	0	0	992	0	0	0	0	0	0	0	0	1114	0	0	0	0	3328	0	0	9	0	88	0	15331	0	0	0	0	11	0	7	0	0	0	0	0	0	0	802	0	27	0	0	3	20	0	49	1	33802	0	0	48	0	0	0	0	1	0	222	0	1	0	25	0	1	0	0	0	0	0	0	0	0	0	0	0	1	1	0	3	0	21	18	0	23	148	0	0	29	36	2165	25	0	0	0	0	60	0	23	416	0	0	0	0	21	3	0	0	1	0	0	0	0	11	0	12	8	0	0	0	0	0	0	128	0	0	0	0	0	0	83	0	0	0	0	844	740	0	0	1	27	6	5496	65	12	0	29	107	4	1	0	1	30	133	0	0	0	0	0	0	75	44	0	48	27	34	967	2	22674
TARA_B100000530	0	0	0	0	3524	0	0	0	0	3462	0	0	30	1626	0	0	0	0	3183	0	0	2	13	1784	0	6810	0	42	0	0	127	0	0	210	2	0	0	0	0	11	2424	0	179	7	0	2	124	0	771	94	42479	0	5	283	0	0	0	0	0	0	1178	0	0	0	5	0	0	0	0	0	0	7	0	0	0	0	3	0	0	0	0	0	29	32	6	0	26	65	0	0	3	27	348	20	0	0	0	0	19	1	15	155	0	0	8	0	203	3	0	0	0	0	0	0	0	0	0	12	2	0	0	0	0	4	0	8	5	0	0	0	0	0	31	0	0	0	0	103	176	0	0	0	0	1	2764	18	5	0	17	445	11	1	0	2	61	44	13	0	0	0	0	0	65	44	2	23	69	1	405	2	17496
TARA_B100000745	0	3	0	0	1267	0	0	0	0	12515	16	0	878	1617	0	0	0	0	1099	2	0	7	3	2918	0	873	2	23	0	3	39	0	7	378	6	4	0	0	0	57	3344	0	668	78	12	1495	209	0	729	72	34473	0	6	10	14	0	0	0	2	6	874	0	0	0	2	1	0	0	0	1	0	13	0	0	0	0	0	0	0	0	0	0	0	2	2	0	2	211	0	0	0	5	38	0	0	0	0	0	0	0	16	97	0	0	0	0	6	28	0	0	0	0	0	0	0	2	0	46	10	0	0	0	0	0	0	63	2	0	0	0	0	0	6	0	0	0	0	60	53	0	0	0	1	0	1830	2	0	0	16	2260	8	0	0	1	24	5	0	0	0	0	0	0	6	7	0	0	4	0	26	0	15631
TARA_B100000524	0	0	0	0	456	0	0	0	0	10	0	0	0	1366	0	0	0	0	3035	0	0	4	0	29	0	11642	0	5	0	0	97	0	7	1	0	0	0	0	0	0	427	0	12	0	0	0	0	0	79	6	38406	0	0	42	0	0	0	0	0	0	258	0	0	0	0	0	0	0	0	0	0	4	0	0	0	0	0	0	0	0	0	0	2	29	2	0	5	22	0	1	15	4	1123	0	0	0	0	0	46	0	2	115	0	0	3	0	84	3	0	0	0	0	0	0	0	0	0	18	0	0	0	0	0	0	0	80	2	0	0	0	0	0	47	0	0	0	0	444	241	0	0	0	3	1	1737	14	3	0	15	207	2	0	0	1	7	60	1	0	4	0	0	0	55	32	0	5	22	14	447	3	21055
TARA_B100000767	0	0	0	0	4823	0	0	0	0	1	0	0	0	50	0	0	0	0	22612	0	0	0	0	1	0	19509	0	1	0	0	0	0	6	1	5	0	0	0	0	0	184	0	2	0	0	0	0	0	15	0	73739	0	0	1	0	0	0	0	0	0	67	0	0	0	0	0	0	0	0	0	0	1	0	0	0	0	0	0	0	0	0	0	2	2	0	0	5	22	0	1	3	0	5736	0	2	1	0	0	84	0	2	540	0	0	7	0	266	1	0	0	4	0	0	0	0	0	0	8	28	0	0	0	0	0	0	11	2	0	0	0	0	0	91	0	0	0	0	1027	166	0	0	0	13	2	544	1	1	0	145	4	12	0	0	0	45	61	0	1	28	0	1	0	130	19	0	113	10	0	950	0	38406
TARA_B100000768	0	0	0	0	945	0	0	0	0	4	0	0	0	39	0	0	0	0	10359	0	0	0	0	0	0	13253	0	1	0	0	3	0	0	0	2	0	0	0	0	0	80	0	1	0	0	0	1	0	12	0	30168	0	0	0	0	0	0	0	0	0	41	0	0	0	0	0	0	0	0	0	0	0	0	0	0	0	0	0	0	0	0	0	2	2	1	0	0	14	0	3	4	0	4392	0	1	0	0	0	42	0	1	1591	0	0	0	0	119	0	1	0	1	0	0	0	0	0	0	0	0	1	0	0	0	0	1	6	1	0	0	0	0	0	91	0	0	0	0	1060	121	3	0	0	14	2	398	0	0	0	70	6	1	0	0	0	19	101	0	5	34	0	0	0	69	21	0	57	8	0	871	2	17744
TARA_B100000780	0	0	0	0	10	0	0	0	0	0	0	0	0	94	0	0	0	0	18908	0	0	0	0	0	0	10376	0	2	0	0	18	0	9	0	0	0	0	0	0	0	22	0	0	0	0	0	0	0	13	0	78348	0	0	0	0	0	0	0	1	0	34	0	0	0	5	0	0	0	0	0	0	2	0	0	0	0	0	0	0	0	0	0	17	0	0	0	11	60	0	42	1	0	7366	0	0	0	0	0	83	1	109	1247	0	0	0	1	3	0	0	0	67	0	0	0	0	1	0	9	4	3	0	0	0	0	0	105	0	0	1	0	0	0	597	0	0	0	0	2228	1035	2	4	0	19	2	2247	0	3	0	18	34	43	1	0	1	95	268	0	0	5	0	0	0	159	0	0	349	63	0	2883	0	38672
TARA_B100000795	0	0	0	0	95	0	0	0	0	35	0	0	0	39	0	0	0	0	19742	0	0	0	0	0	0	8696	0	1	0	1	4	0	1	0	0	0	0	0	0	2	24	0	3	0	0	0	0	0	0	0	68938	0	0	0	0	0	0	0	0	0	14	0	0	0	1	0	0	0	0	0	0	3	0	0	0	0	0	0	0	0	0	0	30	5	0	0	2	23	0	33	0	0	26738	0	0	0	0	0	99	0	7	76	0	0	0	0	3	3	0	0	3	0	0	0	0	0	2	5	0	0	0	0	0	1	0	4	0	0	0	1	0	0	490	0	0	1	0	3205	206	3	0	0	6	1	491	0	0	0	34	27	1	0	0	0	82	38	1	0	5	0	0	0	115	1	0	444	19	0	362	0	29806
TARA_B100000809	0	0	0	0	3406	0	0	0	0	6359	43	0	540	1400	0	0	0	0	6753	0	0	3	2	2124	0	574	0	0	0	51	239	0	3	486	19	22	9	0	0	426	5267	0	733	46	0	9	360	1	1551	87	33432	0	6	0	1	0	0	0	0	0	2085	0	0	0	1	0	0	0	0	0	0	44	1	0	0	0	0	0	0	0	0	0	6	1	1	0	5	2826	0	4	0	0	1300	0	0	0	0	0	64	0	9	933	0	0	1	0	19	40	0	0	8	0	0	0	0	0	0	114	13	0	0	0	0	0	0	243	23	0	0	0	0	0	70	0	0	0	0	502	386	1	0	0	20	0	3457	0	3	0	62	3800	4	0	0	0	33	6	0	0	1	0	1	0	24	1	0	3	2	0	466	0	25552
TARA_B100000787	0	0	0	0	5	0	0	0	0	1	0	0	0	38	0	0	0	0	22040	0	0	0	0	0	0	10431	0	0	0	0	6	0	7	0	0	0	0	0	0	1	6	0	0	0	0	0	0	0	0	0	86498	0	0	0	0	0	0	0	0	0	14	0	0	0	0	0	0	1	0	0	0	0	0	0	0	0	0	0	0	0	0	0	22	5	0	0	9	4	0	6	0	0	8549	0	0	0	0	0	14	0	6	12	0	0	0	0	2	0	0	0	1	0	0	0	0	0	0	0	0	1	0	0	0	0	0	6	1	0	1	0	0	0	287	0	0	0	0	4923	138	0	0	0	9	3	278	1	1	0	161	5	7	0	0	0	90	6	0	0	38	0	0	0	295	0	0	108	127	0	898	2	41638
TARA_B100001059	0	0	0	0	31	0	0	0	0	1	0	0	0	197	0	0	0	0	18364	0	0	5	1	32	0	1632	0	0	0	0	8	0	0	0	2	16	0	0	0	79	182	0	14	0	0	1	0	0	915	0	129563	2	0	5	2	0	0	1	0	0	1248	0	0	0	2	0	0	0	0	5	0	0	0	0	0	0	0	0	0	0	0	0	0	0	0	0	0	0	0	0	0	0	6	0	0	0	0	0	0	1	0	6	0	0	0	0	34	0	0	0	0	0	0	0	0	0	0	2	1	0	0	0	0	0	0	5	0	0	0	0	0	0	1	0	0	0	0	1	5	0	0	0	0	0	57	0	0	0	2	11	0	0	0	0	3	0	1	0	0	0	0	0	1	0	0	0	0	0	10	1	32491
TARA_B100001063	0	0	0	0	6	0	0	0	0	0	0	0	0	24	0	0	0	0	8265	0	0	0	0	8	0	4353	0	0	0	0	15	0	3	0	0	0	0	0	0	3	101	0	2	0	0	0	0	0	103	0	59220	0	0	0	0	0	0	0	0	0	385	0	0	0	0	0	0	0	0	0	0	0	0	0	0	0	0	0	0	0	0	0	0	0	0	0	0	0	0	3	0	0	4	0	0	0	0	0	1	1	0	1	0	0	0	0	17	0	0	0	0	0	0	0	0	0	0	2	0	0	0	0	0	0	0	0	0	0	0	0	0	0	0	0	0	0	0	0	3	0	0	0	0	0	28	0	0	0	1	1	0	0	0	0	0	0	0	0	0	0	0	0	0	0	0	0	0	1	2	1	16156
TARA_B100001057	0	0	0	0	56	0	0	0	0	0	0	0	3	1663	0	0	0	0	9712	0	0	3	0	7	0	4653	0	0	0	0	4	0	5	0	0	0	0	0	0	0	1768	0	16	0	0	0	0	0	203	0	82473	0	0	23	0	0	0	0	0	0	1527	0	0	0	2	0	0	0	0	0	0	0	0	0	0	0	0	0	0	0	0	0	0	2	0	0	0	0	0	3	0	2	12	0	0	0	0	0	0	0	0	1	0	0	0	0	1	0	0	0	0	0	0	0	0	0	0	1	0	0	0	0	0	0	0	2	0	0	0	0	0	0	0	0	0	0	0	5	7	0	0	0	0	0	103	0	0	0	0	0	0	0	0	0	1	0	0	0	0	0	0	0	2	1	0	3	1	10	15	0	23550
TARA_B100000989	0	0	0	0	520	0	0	0	0	0	0	0	0	1497	0	0	0	0	6921	0	0	29	0	19	0	5316	0	0	0	0	22	0	41	0	0	0	0	0	0	0	672	0	28	0	0	0	24	0	170	0	90997	0	0	0	0	0	0	0	0	0	1540	0	2	1	1	0	0	0	0	0	1	0	0	0	0	0	0	0	0	0	0	0	0	8	0	0	0	76	0	84	12	4	252	13	2	2	0	0	39	0	3	16	0	0	0	0	7	1	0	0	0	0	0	0	0	0	0	4	2	0	0	0	0	0	0	243	0	0	0	0	0	0	27	0	0	0	0	69	195	0	1	0	2	5	1251	23	1	0	8	39	1	0	0	0	3	32	0	0	1	0	0	0	32	20	0	6	21	7	228	3	26359
TARA_B100001029	0	0	0	0	1780	0	0	0	0	40	0	0	3	1679	0	0	0	0	2298	0	0	11	0	1204	0	8819	0	0	0	0	16	0	0	34	14	2	0	0	0	2	3265	0	14	1	0	0	71	0	138	53	33779	0	0	179	3	0	0	0	0	0	847	0	1	0	1	0	0	0	0	0	0	0	0	0	0	0	2	0	0	0	0	0	0	12	4	0	2	18	0	0	1	0	49	0	0	0	0	0	9	0	1	1	0	0	0	0	4	1	0	0	0	0	0	0	0	1	0	3	0	0	0	0	0	1	0	17	1	0	0	1	0	0	21	1	0	0	0	18	59	0	0	0	1	1	1059	19	0	1	4	486	3	0	0	0	35	8	1	0	0	0	0	0	43	23	0	12	13	4	75	0	15517
TARA_B100001013	0	47	0	0	2896	0	0	0	0	16080	35	0	1574	1394	0	0	0	0	1113	13	0	5	0	4331	0	115	0	12	0	0	32	0	2	687	2	14	0	0	0	56	8076	0	899	24	0	6	242	1	1101	138	39005	0	1	1	75	0	0	0	0	0	1135	0	0	0	1	0	0	0	0	0	0	2	0	0	0	0	1	0	0	0	0	0	0	2	2	0	1	196	0	0	0	3	11	0	0	2	0	0	3	0	1	1	0	0	0	0	3	3	0	0	0	0	0	0	0	1	0	10	3	1	0	0	0	0	0	159	4	0	0	1	0	0	11	0	0	0	0	23	82	0	0	0	3	1	3349	1	0	0	20	1905	1	0	1	0	29	1	0	0	0	0	0	0	11	3	0	1	4	0	10	1	14472
TARA_B100001027	0	0	0	0	772	0	0	0	0	0	0	0	0	1061	0	0	0	0	3203	0	0	5	1	5	0	3830	0	0	0	0	5	0	6	0	0	0	0	0	0	1	895	0	10	0	0	0	56	0	148	0	45076	0	0	2	1	0	0	0	0	0	601	0	4	0	1	0	0	0	0	0	0	1	0	0	0	0	0	0	0	0	0	0	0	4	0	0	0	24	0	18	1	7	173	10	0	0	0	0	16	0	1	11	0	0	0	0	3	0	0	0	0	0	0	0	0	1	0	0	0	0	0	1	0	0	0	61	1	0	0	0	0	0	12	0	0	0	0	28	129	0	0	0	3	1	1318	23	2	0	4	24	3	0	0	0	12	18	0	0	1	0	0	0	28	11	0	2	4	5	124	0	15636
TARA_B100000886	0	0	0	0	996	0	0	0	0	0	0	0	0	1363	0	0	0	0	5420	0	0	26	0	15	0	7171	0	0	0	0	60	0	10	0	6	0	0	0	0	4	1262	0	25	0	0	1	106	0	110	0	53672	0	0	8	1	0	0	0	0	0	844	0	0	0	3	0	0	0	0	0	0	0	0	0	0	0	0	0	1	0	0	0	0	14	1	0	1	34	0	5	2	5	181	10	0	1	0	0	13	0	1	2	0	0	0	0	17	0	0	0	0	0	0	0	0	0	0	3	6	0	0	1	0	1	2	24	0	0	0	0	0	0	11	0	0	0	0	38	130	0	0	0	1	3	1358	24	1	0	5	46	0	0	0	1	5	23	0	0	0	0	0	0	53	10	0	10	4	4	144	0	23351
TARA_B100000965	0	0	0	0	2481	0	0	0	0	117	0	0	3	2146	0	0	0	0	6127	0	0	2	2	132	0	8936	0	0	0	0	268	0	90	1	10	0	0	0	0	0	2938	0	61	0	0	0	12	0	213	4	57803	0	3	34	26	0	0	0	0	0	396	0	0	0	10	0	0	0	0	0	0	0	0	0	0	0	2	0	0	0	0	0	0	5	2	0	0	5	0	77	1	0	87	0	0	0	0	0	10	0	0	1	0	0	5	0	9	0	0	0	0	0	0	0	0	0	0	4	4	0	0	0	0	1	0	275	3	0	0	0	0	0	6	0	0	0	0	22	47	0	0	0	4	0	815	5	2	0	6	467	64	0	0	0	11	11	4	0	0	0	0	0	19	33	0	16	6	0	64	0	18188
TARA_B100000959	0	0	15	0	2899	0	0	39	0	4216	147	6	333	2484	2	1	0	0	2625	0	0	5	0	1139	0	1481	0	0	0	0	1	0	0	137	6	7	0	0	8	21	12807	0	2535	148	0	165	222	22	1939	18	51005	0	0	76	2	0	0	0	0	5	1847	0	0	0	12	0	0	0	0	0	0	0	0	0	0	0	0	0	0	0	0	0	0	0	0	0	0	62	0	0	0	0	4	0	0	1	0	0	0	0	1	4	0	0	0	0	0	0	0	0	0	0	0	0	0	0	0	13	0	0	0	0	0	0	0	17	0	0	0	0	0	0	0	0	0	0	0	3	39	0	0	0	0	0	565	0	0	0	0	99	13	0	0	0	2	0	0	0	0	0	2	0	0	1	0	0	0	0	2	0	19324
TARA_B100000963	0	0	0	0	1303	0	0	0	0	0	0	0	0	1467	0	0	0	0	14122	0	0	5	0	18	0	6793	0	0	0	0	20	0	9	0	2	0	0	0	0	1	2210	0	5	0	0	0	10	0	240	0	66371	0	2	46	1	0	0	0	0	0	1268	0	0	0	20	0	0	0	0	0	0	2	0	0	0	0	0	0	0	0	0	0	0	2	0	0	1	1	0	0	0	0	39	0	0	0	0	0	7	0	1	5	0	0	0	0	17	0	0	0	0	0	0	0	0	0	0	3	2	0	0	0	0	0	0	12	1	0	0	0	0	0	1	0	0	0	0	9	42	0	0	0	0	0	329	1	0	0	0	28	10	0	0	0	6	0	1	0	0	0	0	0	18	10	0	2	4	0	55	0	26267
TARA_B100000902	0	0	0	0	2768	0	0	0	0	18	276	0	0	5337	0	0	0	0	9311	0	0	0	3	178	0	8871	0	0	0	1	84	0	6	0	4	0	0	0	0	3	2887	0	18	0	0	0	39	0	261	0	54892	0	0	141	1	0	0	0	1	0	1158	0	0	0	0	0	0	0	0	0	0	0	0	0	0	0	0	0	0	0	0	0	0	2	2	0	1	2	0	1	0	0	36	1	0	0	0	0	4	0	6	18	0	0	2	0	5	0	0	0	1	0	0	0	0	0	0	6	1	1	0	0	0	0	1	6	0	0	0	0	0	0	9	0	0	0	0	28	81	0	0	0	2	0	302	0	3	0	3	42	1	0	0	1	15	3	3	0	0	0	0	0	16	22	0	5	2	0	165	0	22956
TARA_B100000953	0	0	1	0	1259	0	0	0	0	11400	58	0	176	1108	0	0	0	0	2065	0	0	1	2	209	0	195	0	0	0	0	1	0	0	165	2	1	0	0	0	21	3579	0	633	6	0	12	33	0	415	5	21283	0	0	1	0	0	0	0	0	1	751	0	0	0	0	0	0	0	0	0	0	0	0	0	0	0	0	0	0	0	0	0	0	0	0	0	1	70	0	0	0	0	1	0	0	0	0	0	0	0	16	31	0	0	1	0	10	0	0	0	0	0	0	0	0	0	0	14	4	0	0	0	0	0	0	39	3	0	0	0	0	0	2	0	0	0	0	13	13	0	0	0	1	0	497	0	0	0	3	1555	2	0	0	0	5	0	0	0	0	0	0	0	1	0	0	0	0	0	5	0	12304
TARA_B100000900	0	0	0	0	1253	0	0	0	0	0	61	0	0	1809	0	0	0	0	7059	0	0	1	0	67	0	4299	0	0	0	0	16	0	2	0	5	0	0	0	0	0	2108	0	7	0	0	35	0	0	172	0	39203	0	0	96	0	0	0	0	0	0	640	0	0	0	0	0	0	0	0	0	0	1	0	0	0	0	0	0	0	0	0	0	0	8	0	0	1	3	0	0	1	0	62	0	0	1	0	0	2	1	0	46	0	0	1	0	11	0	0	0	0	0	0	0	0	0	0	20	2	0	0	0	0	0	0	6	0	0	0	0	0	0	5	1	0	0	0	56	85	0	0	0	2	3	338	0	1	0	14	37	3	0	0	0	9	4	2	0	0	0	0	0	12	45	0	10	1	2	121	0	16664
TARA_B100000927	0	0	0	0	1636	0	0	0	0	0	35	0	0	1998	0	0	0	0	6221	0	0	4	0	75	0	5519	0	0	0	0	11	0	13	0	1	0	0	0	0	6	1423	0	3	0	0	1	6	0	44	0	39905	0	0	78	0	0	0	0	1	0	1138	0	0	0	0	0	0	0	0	0	0	0	0	0	0	0	0	0	0	0	0	0	0	5	4	0	1	12	0	5	1	6	122	2	0	0	0	0	9	0	0	7	0	0	0	0	170	0	0	0	0	0	0	0	0	0	0	15	0	0	0	0	0	0	1	43	0	0	0	0	0	0	4	2	0	0	0	23	88	0	0	0	1	1	535	7	2	0	7	159	1	0	0	0	9	14	7	0	0	0	0	0	23	39	0	5	2	0	211	0	18399
TARA_B100000929	0	0	0	0	2456	0	0	0	0	9436	46	0	429	1697	0	0	0	0	3620	0	0	6	1	521	0	320	0	0	0	1	46	0	7	192	5	8	0	0	0	58	7410	0	1024	8	0	3	115	1	692	70	54943	0	1	4	2	0	0	0	0	0	1336	0	0	0	56	0	0	0	0	0	0	0	0	0	0	0	1	0	0	0	0	0	0	6	2	0	0	87	0	0	0	2	10	0	0	0	0	0	3	0	1	105	0	0	1	0	16	63	0	0	0	0	0	0	0	0	0	53	2	0	0	0	0	2	0	630	0	0	0	0	0	0	6	1	0	0	0	16	73	0	0	0	0	0	814	0	0	0	7	4887	7	1	0	0	55	7	0	0	0	0	0	0	4	1	0	1	0	0	33	0	24239
TARA_B100000925	0	0	0	0	2918	0	0	0	0	0	114	0	0	3574	0	0	0	0	10365	0	0	5	0	85	0	10682	0	0	0	0	20	0	64	0	6	0	0	0	0	2	1922	0	5	0	0	0	6	0	115	0	64327	0	0	141	4	0	0	0	0	0	1606	0	0	0	0	0	0	0	0	0	0	0	0	0	0	0	0	0	0	0	0	0	0	5	9	0	2	6	0	2	1	0	160	2	0	0	0	0	15	0	2	12	0	0	0	0	14	1	0	0	2	0	0	0	0	1	0	3	1	0	0	0	0	0	0	213	0	0	0	0	0	0	3	10	0	0	0	59	184	1	0	0	0	5	531	1	2	0	24	60	7	0	0	0	7	13	10	0	0	0	0	0	33	65	0	23	3	8	123	0	31142
TARA_B100001113	0	0	0	0	9058	0	0	0	0	101	39	0	0	2600	0	0	0	0	11056	0	0	2	0	150	0	9319	0	0	0	0	36	0	20	0	3	0	0	0	0	2	5074	0	33	1	0	1	4	2	92	0	61899	0	0	43	0	0	0	0	0	1	434	0	0	0	10	0	0	0	0	0	0	1	0	0	0	0	0	0	0	0	0	0	3	21	3	1	5	25	0	19	1	0	299	0	0	0	0	0	6	1	15	73	0	0	2	0	52	0	0	0	0	0	0	0	0	0	0	219	11	0	0	0	0	0	0	65	0	0	0	0	0	0	18	0	0	0	0	64	191	1	0	0	5	1	1332	0	5	0	44	1109	1	2	0	0	13	13	9	0	1	0	0	0	60	61	0	21	8	5	515	3	26432
TARA_B100001079	0	0	3	0	4903	0	0	6	0	9815	172	0	296	2145	0	1	0	0	5897	0	0	2	0	640	0	3443	0	0	0	2	12	0	1	162	5	7	0	0	0	45	7223	0	869	63	0	82	108	5	769	31	50345	0	10	31	0	0	0	0	0	1	1128	0	0	0	2	0	0	0	0	0	0	1	0	0	0	0	1	0	0	0	0	0	2	17	1	0	3	159	0	0	1	0	131	0	2	0	0	0	5	0	1	26	0	0	3	0	27	1	0	0	0	0	0	0	0	1	0	26	210	0	0	0	0	0	0	131	3	0	0	1	0	0	21	0	0	0	0	88	122	0	0	0	0	2	1999	2	0	0	12	13664	3	2	0	0	17	6	3	0	1	0	0	0	22	30	0	5	4	0	144	0	39202
TARA_B100001109	0	0	0	0	2636	0	0	0	0	3	27	0	0	2265	0	0	0	0	9186	0	0	4	0	88	0	7888	0	0	0	1	57	0	29	0	1	0	0	0	0	5	2004	0	15	0	0	0	0	0	82	0	55592	0	0	35	0	0	0	0	1	0	441	0	0	0	0	0	0	0	0	0	0	1	0	0	0	0	0	0	0	0	0	0	0	9	2	0	2	9	0	2	1	0	205	0	0	0	0	0	9	0	0	61	1	0	1	0	20	2	0	0	0	0	0	0	0	2	0	25	8	0	0	0	0	0	0	66	0	0	0	0	0	0	7	0	0	0	0	62	125	0	0	0	2	3	476	3	1	0	49	182	0	2	0	0	6	7	6	0	0	0	0	0	39	64	0	29	4	0	344	0	25005
TARA_B100000579	0	0	0	0	3657	0	0	0	0	13	0	0	1	2518	0	0	0	0	5058	0	0	7	1	978	0	11701	0	0	0	0	13	0	1	14	2	0	0	0	0	6	4910	0	55	0	0	1	62	0	167	8	59563	0	3	152	1	0	0	0	0	0	868	0	1	0	14	0	0	0	0	0	0	3	0	0	0	0	3	1	0	0	0	0	1	17	5	0	7	41	0	0	0	3	275	2	0	0	0	0	13	0	4	9	0	0	3	0	16	5	0	0	0	0	0	0	0	0	0	20	9	1	0	0	0	0	0	34	0	0	0	0	0	0	23	2	0	0	0	39	91	0	1	0	6	0	601	10	2	0	10	348	2	1	0	1	31	30	2	0	0	0	0	0	91	26	0	14	17	2	160	1	19372
TARA_B100000586	0	0	0	0	5042	0	0	0	0	14615	80	0	778	2057	0	0	0	0	3016	0	0	5	0	1551	0	320	0	0	0	0	28	0	0	609	4	8	0	0	0	18	10992	0	1041	21	0	17	199	0	775	87	48513	0	3	1	0	0	0	0	1	1	1695	0	0	0	16	0	0	0	0	0	0	2	0	0	0	0	5	0	0	0	0	0	1	2	1	0	0	215	0	0	0	2	14	0	0	0	0	0	2	0	1	13	0	0	0	0	322	39	1	0	0	0	0	0	0	0	0	220	28	0	0	0	0	0	0	299	4	0	0	0	0	0	7	0	0	5	0	40	79	0	0	0	5	0	4776	0	0	0	7	3938	9	0	0	0	40	4	0	0	0	0	0	0	6	2	0	1	6	0	16	1	24376
TARA_B100000575	0	0	0	0	3329	0	0	0	0	0	0	0	2	1549	0	0	0	0	7780	0	0	8	0	293	0	8028	0	0	0	0	41	0	18	0	6	0	0	0	0	0	3698	0	6	0	0	0	84	1	205	0	61172	0	0	741	0	0	0	0	0	0	594	0	2	0	2	0	0	0	0	0	0	0	0	0	0	0	0	0	0	0	0	0	1	10	2	0	4	50	0	3	3	3	438	12	0	0	0	0	8	0	5	14	0	0	4	0	13	143	1	0	0	0	0	0	0	2	0	28	4	0	0	0	0	0	0	54	0	0	1	0	0	0	39	0	0	0	0	44	215	0	0	0	5	9	1842	45	3	0	3	438	9	0	0	0	9	11	1	0	0	0	0	0	60	27	0	20	6	5	308	1	26646
TARA_B100000945	0	0	0	0	2690	0	0	0	0	9	0	0	3	2095	0	0	0	0	5464	0	0	16	0	1757	0	14795	0	0	0	0	30	0	2	59	14	4	0	0	0	1	4798	0	32	0	0	10	84	0	318	70	46632	0	34	163	0	0	0	0	0	0	757	0	0	0	6	0	0	0	0	0	0	1	0	0	0	0	1	0	0	0	0	0	0	30	5	0	1	62	0	0	2	5	247	11	0	0	0	0	88	0	3	12	0	0	0	0	10	4	0	0	0	0	0	0	0	1	0	10	4	0	0	0	0	0	0	154	1	0	0	0	0	0	30	3	0	0	0	74	156	0	0	1	5	2	2450	28	3	0	8	902	25	0	0	1	42	27	5	0	0	0	0	0	53	49	0	9	20	1	337	0	22776
TARA_B100000949	0	20	0	0	1316	0	0	0	0	12760	12	0	1235	1467	0	0	1	0	8314	6	0	2	0	3022	0	149	0	1	0	0	88	0	3	517	8	11	0	0	0	33	4740	0	625	13	0	8	163	0	809	86	29780	0	95	8	37	0	0	0	1	4	760	0	0	0	4	0	0	0	0	0	0	1	0	0	0	0	0	0	0	0	0	0	0	0	0	0	1	79	0	0	0	0	1	0	0	0	0	0	12	0	0	27	0	0	1	0	38	7	0	0	0	0	0	0	0	0	0	9	2	0	0	0	0	0	0	458	4	0	0	0	0	0	3	0	0	0	0	15	44	0	0	0	2	0	1004	1	0	0	9	659	18	0	0	1	7	2	0	0	0	0	0	0	2	1	0	0	1	2	13	0	11128
TARA_B100000941	0	0	0	0	2152	0	0	0	0	0	0	0	0	1764	0	0	0	0	5518	0	0	28	1	969	0	9569	0	0	0	0	20	0	63	2	21	0	0	0	0	3	2751	0	23	0	1	3	97	1	195	30	59318	0	6	999	1	0	0	0	0	0	801	0	0	0	2	0	0	0	0	0	0	4	0	0	0	0	0	0	0	0	0	0	1	8	4	0	0	67	1	1	8	6	267	17	0	0	0	0	41	0	1	7	0	0	0	0	12	2	0	0	0	0	0	0	0	3	0	4	0	0	0	0	0	0	0	269	0	0	0	0	0	0	41	0	0	0	0	66	148	0	0	0	2	0	2459	68	4	0	14	328	28	0	0	0	5	96	0	0	0	0	0	0	100	29	0	11	6	6	205	0	33395
TARA_B100000700	0	0	0	0	3431	0	0	0	0	49	0	0	4	2256	0	0	0	0	2387	0	0	14	0	1957	0	7054	0	0	0	0	54	0	0	133	58	0	0	0	0	2	4607	0	25	5	0	65	82	0	470	31	52330	0	53	155	0	0	0	0	0	0	461	0	0	0	2	0	0	0	0	0	0	0	0	0	0	0	0	0	0	0	0	0	0	3	5	0	0	49	0	0	0	4	96	3	0	0	0	0	5	1	0	15	0	0	7	0	1	0	0	0	0	0	0	0	0	1	0	7	0	0	0	0	0	0	0	24	1	0	0	0	0	0	15	0	0	0	0	28	78	1	0	0	5	1	1500	23	3	0	10	920	2	1	0	0	19	7	4	0	0	0	0	0	9	28	0	6	14	0	112	0	14372
TARA_B100000678	0	1	0	0	3406	0	0	0	0	16159	52	0	745	3567	0	0	0	0	4927	0	0	4	0	1522	0	2287	0	7	0	0	112	0	6	671	6	9	0	0	0	29	7646	0	1061	14	0	26	221	0	967	78	45818	0	198	35	1	0	0	0	2	0	1226	0	0	0	16	0	0	0	0	0	0	4	0	0	0	0	0	0	0	0	0	0	0	0	2	0	1	118	0	0	2	1	52	0	0	0	0	0	0	0	2	70	0	0	1	0	4	2	0	0	1	0	0	0	0	0	0	7	1	0	0	0	0	0	0	228	2	0	0	0	0	0	8	2	0	0	0	30	76	0	0	0	3	1	1845	14	0	0	4	1789	8	1	0	0	12	1	1	0	0	0	0	0	13	6	0	2	4	2	96	0	20206
TARA_B100001115	0	0	0	0	4382	0	0	0	0	2	0	0	0	1844	0	0	0	0	6968	0	0	26	0	322	0	8700	0	0	0	0	27	0	10	2	2	0	0	0	0	2	4598	0	19	0	0	0	152	0	431	0	52609	0	19	78	23	0	0	0	0	2	616	0	0	0	1	0	0	0	0	0	0	1	0	0	0	0	0	0	0	0	0	0	0	2	1	0	1	31	0	1	0	0	328	1	0	0	0	0	16	0	4	71	0	0	3	0	13	0	0	0	1	0	0	0	0	0	0	1	0	0	0	0	0	0	0	36	0	0	0	0	0	0	17	0	0	0	0	30	122	0	2	0	0	4	481	18	1	0	10	128	0	0	0	0	11	10	4	0	0	0	0	0	55	14	0	13	3	1	200	0	25735
TARA_B100000686	0	0	0	0	4978	0	0	0	0	11384	0	0	373	2262	0	2	0	0	2442	0	0	23	2	5317	0	2793	0	106	0	0	9	0	1	540	16	5	0	0	0	7	6825	0	4829	28	0	29	342	0	1117	82	56801	0	191	244	27	0	0	0	0	0	879	0	0	0	1	0	0	0	0	0	0	0	0	0	0	0	6	0	0	0	0	0	0	3	4	0	3	62	0	0	0	5	64	3	0	0	0	0	8	1	3	81	0	0	7	0	36	1	0	0	0	0	0	0	0	4	0	26	10	1	0	0	0	0	0	28	0	0	0	0	0	0	39	2	0	0	0	18	56	1	0	0	7	0	1547	21	0	0	18	1219	10	3	0	0	84	27	0	0	1	1	0	0	49	17	0	6	10	7	61	0	12117
TARA_B100000683	0	0	0	0	4340	0	0	0	0	77	0	0	5	1941	0	0	0	0	6975	0	0	6	0	224	0	16632	0	0	0	0	41	0	19	11	3	2	0	0	0	6	2107	0	23	0	0	0	25	1	588	1	33201	0	5	16	137	0	0	0	0	0	664	0	0	0	0	0	0	0	0	0	0	1	0	0	0	0	0	0	0	0	0	0	53	54	5	0	3	32	0	0	0	3	1353	1	0	0	1	0	5	0	2	131	0	0	2	0	413	0	0	0	0	0	0	0	0	2	0	110	9	0	0	0	0	0	2	56	0	0	0	1	0	0	67	0	0	0	0	155	377	0	0	0	10	12	1348	33	4	0	119	80	0	1	0	0	29	38	12	2	2	0	0	0	133	45	0	42	13	4	616	0	17951
TARA_B100000676	0	0	0	0	5754	0	0	0	0	10907	0	0	38	3117	0	0	0	1	4809	0	0	18	0	5245	0	3711	0	36	0	0	59	0	0	544	17	0	0	0	0	12	7722	0	1424	6	0	33	279	1	1405	47	66944	0	73	384	1	0	0	0	1	5	1550	0	0	0	3	0	0	0	2	0	0	0	0	0	0	0	0	0	0	0	1	0	4	3	5	0	1	39	0	0	0	3	86	2	2	0	0	0	4	0	3	6	0	0	2	0	14	0	0	0	1	0	0	0	0	1	0	22	0	4	0	0	0	1	0	6	0	0	0	0	0	0	28	1	0	0	0	20	83	0	0	0	0	3	708	14	0	0	25	215	4	2	0	0	43	11	5	2	0	0	0	0	51	32	0	4	6	0	53	0	20415
TARA_B100000674	0	0	0	0	3793	0	0	0	0	117	0	0	1	2867	0	0	0	0	7560	0	0	18	1	1126	0	16773	0	0	0	0	248	0	23	18	2	0	0	0	0	10	4724	0	21	0	0	2	100	0	451	4	67493	0	1	119	38	0	0	0	0	1	1059	0	0	0	0	0	0	0	0	0	0	2	0	0	0	0	0	0	0	0	0	0	15	5	6	0	0	11	0	0	2	3	374	0	0	0	0	0	3	0	0	8	0	0	1	0	6	0	0	0	0	0	0	0	0	2	0	18	0	0	0	0	0	0	0	2	0	0	0	1	0	0	18	0	0	0	0	98	154	0	0	0	1	7	735	21	1	0	12	68	4	0	0	1	12	17	15	0	1	0	0	0	45	96	0	12	2	0	237	0	34618
TARA_B100001123	0	0	0	0	3078	0	0	0	0	7303	0	0	586	1470	0	0	0	0	1375	0	0	13	0	2861	0	255	0	6	0	0	39	0	0	533	2	0	0	0	0	3	4459	0	786	8	0	24	169	0	725	76	40477	0	107	155	72	0	0	0	0	0	649	0	0	0	1	0	0	0	0	0	0	2	0	0	0	0	6	0	0	0	0	0	0	1	3	0	1	75	0	2	0	3	39	7	0	0	0	0	56	0	1	4	0	0	4	0	5	0	0	0	0	0	0	0	0	0	0	19	2	1	0	0	0	1	1	10	0	0	0	0	0	0	24	1	0	1	0	22	70	0	0	0	7	0	1403	15	1	0	20	2557	6	1	1	0	70	8	0	0	0	0	1	0	20	12	0	3	17	0	20	0	7695
TARA_B100001121	0	0	0	0	5244	0	0	0	0	69	0	0	0	4474	0	0	0	0	6735	0	0	1	0	386	0	8182	0	0	0	0	239	0	13	20	2	0	0	0	0	1	4319	0	29	1	0	0	21	0	702	5	66965	0	1	138	73	0	0	0	0	3	643	0	1	0	2	0	0	0	0	0	0	1	0	0	0	0	0	0	0	0	0	0	0	16	10	0	1	33	0	0	4	7	377	1	0	0	0	0	3	0	1	23	0	0	1	0	63	0	0	0	0	0	0	0	0	0	0	5	0	1	0	0	0	0	0	19	0	0	0	0	0	0	8	0	0	0	0	35	127	0	3	0	0	3	327	1	3	0	7	43	16	0	0	0	5	18	7	0	1	0	0	0	38	27	0	9	4	0	211	0	29257
TARA_B100000614	0	0	0	0	3440	0	0	0	0	307	1	0	2	1556	0	0	0	0	6213	0	0	3	11	71	0	5371	0	0	0	0	28	0	275	0	2	0	15	0	0	9	2328	0	29	4	0	0	4	0	171	3	37043	0	10	46	453	0	0	0	0	0	731	0	0	0	1	0	0	0	0	49	0	0	0	0	0	0	0	0	0	0	0	0	0	7	5	0	1	43	0	165	2	4	173	0	0	0	0	0	22	1	2	37	0	0	2	0	39	0	0	0	0	0	0	0	0	0	0	7	7	0	0	0	0	0	0	908	0	0	0	0	0	0	10	1	0	0	0	52	101	0	0	0	3	2	534	8	0	0	14	113	23	0	0	0	9	19	7	0	0	0	0	0	24	38	0	19	3	0	185	0	16065
TARA_B100000609	0	0	0	0	4551	0	0	0	0	383	0	0	4	1879	0	0	0	0	9598	0	0	0	28	99	0	10029	0	0	0	0	13	0	264	5	1	4	29	0	0	26	3150	0	26	2	0	1	13	0	292	2	43480	0	19	65	109	0	0	0	0	0	731	0	0	0	0	0	0	0	0	25	0	0	0	0	0	0	0	0	0	0	0	0	3	8	3	0	1	33	0	0	2	2	425	0	0	0	0	0	24	0	0	17	0	0	2	0	30	0	0	0	0	0	0	0	0	0	0	3	6	0	0	0	0	0	0	577	0	0	0	0	0	0	11	0	0	0	0	99	119	0	0	0	0	0	541	6	0	0	10	76	28	0	0	0	8	7	6	0	3	0	0	0	27	24	0	21	7	3	387	0	25734
TARA_B100001250	0	0	0	0	9305	0	0	0	0	1282	0	0	0	2866	0	0	0	0	6312	0	0	5	1	675	0	9231	0	0	0	0	63	0	2	3	0	2	0	0	0	5	7642	0	144	3	0	7	53	0	176	13	42744	0	103	87	10	0	0	0	0	0	927	0	0	0	13	0	0	1	0	39	0	1	0	0	0	0	3	0	0	0	0	0	6	18	10	1	3	146	2	2	6	21	474	10	0	0	0	0	33	0	12	22	0	0	3	0	13	9	0	0	0	0	0	0	0	2	0	37	1	0	0	0	0	0	1	9	1	0	0	1	0	0	100	4	0	0	0	167	155	0	0	0	6	1	4722	7	2	0	29	1619	42	3	1	0	96	66	19	1	1	0	0	0	124	163	0	56	23	3	621	2	17940
TARA_B100001245	0	20	0	0	3702	0	0	0	0	11230	38	0	1060	2102	0	0	0	0	2095	0	0	7	0	3362	0	215	0	4	0	0	89	0	0	498	10	10	0	0	0	72	7970	0	1311	30	0	31	272	0	1225	87	46201	0	192	0	40	0	0	0	0	0	1463	0	0	0	12	0	0	0	0	4	0	1	0	0	0	0	7	0	0	1	0	0	0	3	1	0	5	196	0	1	0	3	16	1	0	0	0	0	3	0	5	16	0	0	0	0	20	10	0	0	0	0	0	0	0	0	0	23	3	0	0	0	0	0	0	27	2	0	0	0	0	0	14	0	0	0	0	42	68	0	0	0	6	0	4474	2	0	0	14	5994	38	1	0	0	25	11	0	1	0	0	1	0	4	3	0	0	4	4	21	2	25918
TARA_B100001248	0	0	0	0	1762	0	0	0	0	0	0	0	2	1710	0	0	0	0	4820	0	0	1	0	72	0	8754	0	0	0	0	10	0	25	0	3	1	10	0	0	0	1748	0	10	0	0	0	79	0	135	0	52886	0	1	183	8	0	0	0	0	0	705	0	0	0	0	0	0	0	0	0	0	0	0	0	0	0	1	0	0	0	0	0	0	7	6	0	1	36	0	0	8	10	338	21	0	0	0	0	31	0	11	17	0	0	1	0	8	2	0	0	0	0	0	0	0	0	0	6	0	0	0	0	0	0	0	51	0	0	0	0	0	0	27	0	0	0	1	44	135	0	0	0	1	1	1946	9	2	0	17	43	9	0	0	1	9	23	0	0	1	0	1	0	75	52	0	5	10	11	273	1	31546
TARA_B100001094	0	0	0	0	3467	0	0	0	0	17	0	0	0	2961	0	0	0	0	7437	0	0	1	1	268	0	6282	0	0	0	1	46	0	32	8	1	0	7	0	0	9	2729	0	9	0	0	0	45	0	394	0	47149	0	13	79	36	0	0	0	1	0	1045	0	0	0	1	0	0	0	0	0	0	1	0	0	0	0	1	0	0	0	0	0	8	70	0	0	3	24	0	50	0	8	372	1	0	0	0	0	7	6	1	30	0	0	3	0	813	0	0	0	0	0	0	0	0	1	0	5	0	0	0	0	0	0	1	160	0	0	0	0	0	0	18	0	0	0	0	53	135	0	0	0	5	3	842	0	0	0	17	286	14	0	0	0	27	9	4	0	0	0	0	0	35	11	0	6	19	3	385	0	18739
TARA_B100001105	1	4	0	0	4606	0	0	0	0	22471	184	0	627	2765	0	0	0	0	2773	0	0	3	1	1273	0	268	1	0	0	0	135	0	1	386	11	14	5	0	0	39	8859	0	1148	29	0	27	280	0	1264	74	45347	0	227	4	18	0	0	0	0	3	1694	0	1	0	10	0	0	3	0	0	0	1	0	0	0	0	0	0	0	0	0	0	0	3	0	0	2	272	0	2	0	1	20	0	0	1	0	0	5	0	0	65	0	0	2	0	21	2	0	0	0	0	0	0	0	1	0	138	9	0	0	0	0	0	0	38	8	0	0	0	0	0	12	0	0	0	0	44	96	0	0	0	5	0	5260	1	0	0	13	6475	11	0	0	0	21	10	0	0	1	0	0	0	9	6	0	1	6	3	100	0	34051
TARA_B100001093	0	0	0	0	1762	0	0	0	0	0	0	0	0	1995	0	0	0	0	11551	0	0	5	1	78	0	8536	0	0	0	0	25	0	4	2	1	3	0	0	0	0	1519	0	6	0	0	0	1	0	410	0	87176	0	37	13	14	0	0	0	0	0	4698	0	0	0	4	0	0	10	0	0	0	1	0	0	0	0	0	0	0	0	0	0	6	50	10	0	4	7	0	1	3	1	256	0	0	0	0	0	22	1	0	29	0	0	0	0	39	0	0	0	0	0	0	0	0	0	0	6	1	0	0	0	0	0	0	19	2	0	1	0	0	0	7	0	0	1	0	101	130	0	4	0	2	2	849	1	0	0	28	89	3	0	0	0	39	19	12	4	2	0	0	0	143	71	0	8	6	12	464	0	29105
TARA_B100001964	0	0	31	0	1878	0	0	82	0	1291	580	26	572	2346	9	5	0	0	1210	1	0	19	0	2087	0	2360	2	0	0	1	16	0	0	82	36	21	1	0	24	69	15824	0	3413	62	0	907	343	29	5978	81	54199	0	4	65	11	0	0	0	1	48	1303	1	0	0	0	0	0	0	0	0	0	0	0	0	0	0	1	0	0	0	0	0	0	0	0	0	0	26	0	0	0	0	1	0	0	0	0	0	0	0	0	8	0	0	0	0	0	0	0	0	0	0	0	0	0	0	0	0	0	0	0	0	0	0	0	22	0	0	0	0	0	0	0	1	0	0	0	9	8	0	0	0	0	0	253	0	0	0	0	91	7	0	0	0	1	0	0	0	0	0	0	0	1	2	0	0	0	0	10	0	14386
TARA_B100001971	0	0	46	0	1711	0	0	71	0	8493	856	50	629	2032	54	19	0	0	1197	0	0	12	3	3553	0	203	13	0	0	1	13	0	8	197	26	29	15	0	41	49	17964	0	2354	89	23	574	349	72	4998	54	48157	0	5	90	36	0	0	0	2	7	1367	3	0	0	0	0	0	0	0	0	0	1	0	0	0	0	0	0	0	0	0	0	0	0	0	0	0	105	0	3	0	0	1	0	0	1	0	0	4	0	0	270	0	0	0	0	3	0	0	0	2	0	0	0	0	0	0	4	0	0	0	0	0	0	0	66	2	0	1	0	0	0	0	0	0	0	0	5	49	0	0	0	1	0	810	0	0	0	1	85	26	0	0	0	1	1	0	0	0	0	0	0	0	0	0	0	0	0	356	0	17163
TARA_B100001287	0	0	0	0	2683	0	0	0	0	0	103	0	0	3922	0	0	0	0	8810	0	0	2	0	229	0	8501	0	0	0	1	12	0	25	0	4	0	1	0	0	2	3370	0	8	0	0	2	11	0	117	0	57875	0	7	229	4	0	0	0	0	0	581	0	0	0	0	0	0	0	0	0	0	0	0	0	0	0	0	0	0	0	0	0	1	9	10	0	3	0	0	0	3	1	224	0	0	0	0	0	6	1	5	17	0	0	0	0	51	1	0	0	1	0	0	0	0	0	0	3	0	0	0	0	0	0	0	31	0	0	0	0	0	0	6	0	0	0	0	33	100	0	0	0	0	2	547	3	0	0	2	63	9	0	0	0	6	12	17	0	1	0	0	0	32	50	0	23	5	1	213	0	31508
TARA_B100001996	0	0	0	0	4052	0	0	0	0	756	4	0	2	2781	0	0	0	0	3473	0	0	5	0	386	0	6236	0	0	0	0	22	0	0	2	2	0	0	0	0	3	3192	0	99	0	0	4	16	0	72	0	33520	0	22	52	0	0	0	0	0	0	186	0	0	0	9	0	0	0	0	0	0	0	0	0	0	0	2	0	0	0	0	0	0	8	3	0	84	62	0	1	2	7	154	3	1	0	0	0	9	0	4	55	0	0	5	0	947	4	0	0	1	0	0	0	0	0	0	69	2	0	0	0	0	0	0	17	0	0	0	0	0	0	11	0	0	1	0	59	64	0	0	0	4	1	888	3	0	0	4	656	94	0	0	0	6	8	3	1	0	0	0	0	19	25	0	25	8	0	289	0	11420
TARA_B100002003	0	0	32	0	1208	0	0	60	0	5964	711	33	860	1650	46	16	0	0	1136	0	0	21	0	2570	0	156	6	0	0	1	23	1	1	184	10	23	2	0	31	35	13755	0	3101	53	3	645	303	59	5436	60	41210	0	70	33	26	0	0	0	0	15	874	1	0	0	7	0	0	0	0	0	0	0	0	0	0	0	0	0	0	0	0	0	0	0	5	0	6	131	0	0	0	2	16	0	2	2	0	0	1	0	4	246	0	0	7	0	5	18	0	0	0	0	0	0	0	6	0	36	12	0	0	0	0	0	0	42	2	0	0	0	0	0	2	0	0	2	0	9	18	0	0	0	0	0	912	0	0	0	0	1932	243	0	0	0	17	20	0	0	0	0	0	0	5	3	0	5	1	0	30	0	11833
TARA_B100001989	0	0	0	0	2222	0	0	0	0	0	0	0	0	2437	0	0	0	0	4701	0	0	4	2	177	0	9278	0	0	0	0	157	0	105	0	11	4	43	0	0	5	2440	0	10	0	0	57	51	0	259	0	51986	0	16	114	37	0	0	0	0	0	615	0	0	0	5	0	0	0	0	0	0	0	0	0	0	0	0	0	0	0	0	0	1	6	22	0	3	49	0	4	4	2	239	10	5	3	0	0	29	0	14	38	0	0	4	0	50	12	0	0	0	0	0	0	0	1	0	14	10	0	0	0	0	0	0	189	1	0	0	0	0	0	22	0	0	0	0	58	103	0	0	0	2	1	1070	13	1	0	15	131	264	0	0	0	19	71	9	0	1	0	0	0	114	71	0	21	3	4	188	0	34208
TARA_B100002019	0	0	0	0	1412	0	0	0	0	2	284	0	3	4665	0	0	0	0	6364	0	0	8	0	160	0	9347	0	0	0	0	27	0	4	1	2	1	6	0	0	5	2594	0	5	0	0	54	17	0	262	0	56360	0	64	146	7	0	0	0	109	0	2438	0	0	0	11	0	0	0	0	2	0	1	0	0	0	0	0	0	0	0	0	0	0	10	8	0	2	18	0	0	2	2	83	0	0	4	0	0	8	2	1	8	0	0	0	0	84	0	0	0	0	0	0	0	0	0	1	7	24	0	0	0	0	1	0	10	0	0	0	1	0	0	12	1	0	0	0	53	55	0	0	0	0	0	712	2	0	0	42	109	81	3	0	0	9	12	12	1	1	0	0	0	62	64	0	15	1	2	109	3	29518
TARA_B100001939	0	0	0	0	375	0	0	0	0	58	10	0	2	2028	0	0	0	0	6379	0	0	27	0	78	0	10740	0	0	0	0	27	0	5	13	2	0	19	0	0	3	890	0	12	0	0	45	10	0	487	1	35193	0	2	165	122	0	0	0	65	2	831	0	0	0	0	0	0	0	0	0	0	0	0	0	0	0	0	0	0	0	0	0	1	2	1	0	0	9	0	0	1	1	35	3	0	0	0	0	3	10	0	27	0	0	3	0	14	0	2	0	0	0	0	1	0	1	0	5	0	0	0	0	0	0	0	7	0	0	0	0	0	0	3	0	0	0	0	23	44	0	0	0	2	1	221	0	0	0	10	25	3	0	0	0	12	6	6	3	0	0	0	0	21	14	1	5	2	1	37	1	18549
TARA_B100002052	0	0	0	0	7790	0	0	0	0	618	0	0	5	2527	0	0	0	0	7090	0	0	24	0	804	0	6667	0	0	0	0	29	0	0	80	2	0	0	0	0	6	3863	0	65	1	0	6	25	0	386	53	46714	0	69	226	1	0	0	0	0	0	420	0	0	0	6	0	0	0	0	0	0	0	0	0	0	0	1	0	0	0	0	0	29	8	4	0	7	46	0	1	0	0	223	5	0	0	0	0	6	0	6	32	0	0	1	0	5	1	3	0	0	0	0	0	0	0	0	11	4	0	0	0	0	0	0	75	5	0	1	0	0	0	33	1	0	0	0	68	113	0	0	0	2	2	1377	14	0	0	6	276	3	0	0	0	19	21	4	2	0	0	0	0	49	15	0	3	13	4	205	0	20649
TARA_B100002049	0	0	0	0	2771	0	0	0	0	15536	21	0	508	2328	0	0	0	0	6669	1	0	5	0	1100	0	105	0	0	0	0	46	0	0	332	11	8	0	0	0	17	5578	0	1009	43	1	13	124	0	637	41	52043	0	109	1	4	0	0	0	0	0	1033	0	0	0	8	0	0	0	0	0	0	3	0	0	0	0	2	0	0	0	0	0	1	3	1	0	0	178	0	0	0	0	8	0	0	0	0	0	1	0	3	40	0	0	0	0	3	4	0	0	0	0	0	0	0	0	0	22	15	0	0	0	0	0	0	549	11	0	0	0	0	0	5	0	0	0	0	57	32	0	0	0	2	0	1571	0	0	0	17	1244	21	0	0	0	21	2	0	0	0	0	0	0	2	4	0	0	4	0	17	1	18216
TARA_B100002051	0	0	0	0	6852	0	0	0	0	568	1	0	9	3073	0	0	0	0	5775	1	0	18	2	637	0	8264	0	1	0	0	44	0	25	49	3	8	17	0	0	1	4363	0	52	5	0	136	23	0	334	71	50933	0	4	306	624	0	0	0	2	1	350	0	0	0	11	0	0	0	0	0	0	0	0	0	0	0	1	0	0	0	0	0	19	3	11	0	0	51	0	1	3	0	230	2	0	0	0	0	12	0	13	14	0	0	2	0	16	0	1	0	0	0	0	0	0	0	0	12	4	0	0	0	0	1	0	95	2	0	0	0	0	0	16	0	0	0	0	62	135	0	0	0	1	1	1011	16	1	0	4	85	18	1	0	0	23	24	8	1	0	0	0	0	24	23	0	4	14	11	204	0	24127
TARA_B100001146	0	2	1	0	3470	0	0	0	0	14675	32	0	965	2113	0	0	0	0	4564	0	0	1	0	3090	0	186	1	8	0	0	140	1	0	420	12	26	0	0	0	81	6997	0	817	170	0	90	200	0	916	67	34042	0	192	10	10	0	0	0	0	4	1373	0	0	0	57	0	0	0	0	0	0	6	0	0	0	0	2	0	0	0	0	0	1	1	1	0	2	211	0	0	0	1	14	0	0	0	0	0	0	0	1	60	0	0	3	0	19	4	0	0	1	0	0	0	0	4	0	335	24	0	0	0	0	0	0	651	8	0	0	0	0	0	14	0	0	0	0	37	64	0	0	0	5	0	2879	0	0	0	12	4488	6	1	0	2	22	3	0	1	0	0	0	0	8	8	0	1	8	1	24	0	25308
TARA_B100001142	0	0	0	0	5127	0	0	0	0	2582	4	0	4	1099	0	0	0	0	4393	0	0	3	1	958	0	8683	0	0	0	0	0	0	0	52	1	0	2	0	0	25	2628	0	303	5	0	0	22	0	201	5	37361	0	0	554	1	0	0	0	0	1	462	0	0	0	0	0	0	0	0	0	0	2	0	0	0	0	0	0	0	0	0	0	266	21	14	0	5	48	0	0	1	42	686	0	0	1	0	0	31	0	0	11	0	0	0	0	1	0	0	0	0	0	0	0	0	0	0	7	0	0	0	0	0	0	0	2	0	0	0	0	0	0	38	0	0	1	0	298	164	0	0	0	4	0	2951	2	0	0	25	135	307	2	2	70	30	86	4	3	2	0	0	0	79	85	0	57	15	43	473	0	17033
TARA_B100001167	0	2	0	0	3056	0	0	0	0	11097	9	0	712	1938	0	1	1	0	2251	2	0	7	1	3009	0	93	0	1	0	0	15	0	1	398	4	10	2	0	3	23	6464	0	941	132	0	87	221	0	846	122	34380	0	54	9	11	0	0	0	0	0	948	0	0	0	0	0	0	0	0	0	0	2	0	0	0	0	0	0	0	0	0	0	0	5	0	0	3	104	0	7	0	1	9	1	0	0	0	0	0	0	0	41	0	0	0	0	23	5	0	0	0	0	0	0	0	1	0	51	2	1	0	0	0	0	0	497	3	0	0	0	0	0	9	0	0	0	0	23	35	0	0	0	8	0	2212	1	1	0	11	1550	30	0	0	0	33	1	0	0	0	0	1	0	10	2	0	1	6	0	9	0	13880
TARA_B100001540	0	0	0	0	5107	0	0	0	0	6629	1	0	25	2169	0	0	0	0	4592	1	0	0	1	1409	0	9809	0	5	0	0	3	0	2	132	0	1	2	0	0	2	5084	0	201	13	0	5	44	0	375	16	57476	0	3	567	1	0	0	0	0	0	1066	0	0	0	4	0	0	0	0	0	0	1	0	0	0	0	1	0	0	0	0	0	113	1	29	0	2	27	0	2	3	21	299	1	0	3	0	0	11	0	1	5	0	0	1	0	3	0	0	0	0	0	0	0	0	0	0	48	0	0	0	0	0	0	1	15	1	0	0	0	0	0	44	0	0	0	0	128	126	0	0	0	7	0	1175	6	1	0	20	190	168	3	0	0	47	34	0	0	0	0	0	0	136	42	0	17	43	4	237	1	18430
TARA_B100001741	0	0	0	0	5423	0	0	0	0	2769	1	0	16	2476	0	0	0	0	6627	0	0	0	0	1003	0	11096	0	0	0	0	2	0	1	80	0	0	0	0	0	0	3707	0	75	1	0	4	33	0	332	17	57592	0	0	317	8	0	0	0	0	0	856	0	0	0	1	0	0	0	0	0	0	1	0	0	0	0	2	0	0	0	0	0	135	15	13	0	1	42	0	0	0	8	567	0	0	2	0	0	13	0	3	10	0	0	1	0	15	0	0	0	0	0	0	0	0	1	0	21	3	0	0	0	0	0	2	5	1	0	0	1	0	0	42	2	0	0	0	157	104	0	0	0	7	2	1423	8	1	0	19	230	714	0	0	0	25	64	16	0	0	0	0	0	110	45	0	14	13	7	374	0	21970
TARA_B100001750	0	16	0	0	7218	0	0	0	0	10214	4	0	632	1393	0	0	0	0	3182	6	0	0	2	4099	0	334	0	16	0	0	4	0	0	464	2	8	0	0	0	17	7925	0	787	229	0	88	215	0	988	83	37783	3	55	163	63	1	0	5	1	0	642	0	0	0	95	0	0	0	0	0	0	2	0	0	0	0	6	0	0	0	0	0	5	3	6	0	5	322	0	2	0	6	32	2	0	0	0	0	3	1	2	16	0	0	0	0	300	0	0	0	0	0	0	0	0	3	0	103	3	0	0	0	0	0	0	218	0	0	0	0	0	0	22	1	0	0	0	56	64	0	0	0	7	0	3608	2	1	0	20	2499	12	1	0	1	66	14	0	0	0	0	1	0	16	3	0	2	10	3	30	1	11015
TARA_B100001765	0	8	0	0	3120	0	0	0	0	17242	22	0	974	2168	0	1	0	0	2920	1	0	5	0	3073	0	160	2	0	0	0	16	0	0	439	4	11	0	0	1	26	7267	0	1123	115	0	100	224	0	1016	123	46444	0	47	3	15	0	0	0	2	0	1113	0	0	0	52	0	0	0	0	0	0	2	0	0	0	0	0	0	0	0	0	0	1	3	1	0	1	445	0	0	0	0	11	0	0	0	0	0	1	0	3	59	0	0	3	0	12	1	0	0	1	0	0	0	0	3	0	40	9	0	0	0	0	0	0	260	4	0	0	0	0	0	9	0	0	0	0	41	39	0	1	0	8	0	2107	0	0	0	12	2000	19	1	0	0	17	1	0	0	0	0	0	0	11	1	0	1	3	1	21	0	17739
TARA_B100001758	0	0	0	0	7549	0	0	0	0	3094	2	0	7	2905	0	0	0	0	7374	0	0	1	1	589	0	12416	0	1	0	0	5	0	0	47	0	1	0	0	0	0	4125	0	105	3	0	2	18	0	329	6	54049	0	1	294	5	0	0	0	0	0	654	0	0	0	1	0	0	0	0	0	0	1	0	0	0	0	1	0	0	0	0	0	229	18	40	0	3	41	0	0	3	9	451	0	0	1	0	0	21	0	3	63	0	0	5	0	27	0	0	0	0	0	0	0	0	3	0	35	0	0	0	0	0	0	0	0	0	0	0	0	0	1	46	0	0	0	0	185	178	0	0	0	2	1	2938	13	1	0	23	783	750	1	0	0	62	30	20	0	0	0	0	0	80	64	0	17	31	8	399	2	24238
TARA_B100001778	0	0	0	0	4197	0	0	0	0	460	0	0	3	3467	0	0	0	0	7390	0	0	2	1	348	0	9804	0	0	0	0	22	0	1	20	0	0	3	0	0	1	2706	0	52	0	0	1	8	0	247	4	59839	0	2	219	75	0	0	0	0	0	955	0	0	0	6	0	0	0	0	0	0	0	0	0	0	0	0	0	0	0	0	0	34	14	3	0	4	24	0	56	0	0	321	0	0	2	0	0	14	0	2	33	0	0	2	0	62	0	0	0	0	0	0	0	0	0	0	19	0	0	0	0	0	0	0	6	0	0	0	0	0	0	25	0	0	0	0	82	82	0	0	0	1	0	1064	2	0	0	7	47	304	0	0	0	13	54	1	0	2	0	1	0	45	41	0	16	7	4	223	0	25113
TARA_B100001769	0	0	0	0	4134	0	0	0	0	813	0	0	3	3192	0	0	0	0	6962	0	0	3	0	367	0	13053	0	0	0	0	9	0	0	14	1	0	1	0	0	2	2765	0	62	2	0	2	15	0	318	10	58324	0	0	243	2	0	0	0	0	0	1066	0	0	0	3	0	0	0	0	0	0	1	0	0	0	0	0	0	0	0	0	0	62	14	11	0	5	15	0	1	3	2	548	0	0	10	0	0	28	0	1	99	0	0	1	0	14	0	0	0	0	0	0	0	0	0	0	27	0	0	0	0	0	0	0	1	0	0	0	0	0	0	33	0	0	0	0	200	144	0	1	0	2	1	1754	4	1	0	19	66	344	0	0	0	14	78	3	0	0	0	0	0	88	75	0	28	9	6	411	0	29104
TARA_B100001559	0	0	0	0	5955	0	0	0	0	3602	0	0	48	3192	0	0	0	0	5446	0	0	5	1	1146	0	4664	0	7	0	4	16	0	0	135	0	1	0	0	0	14	4620	0	341	6	0	28	72	0	294	17	52384	0	16	279	1	0	0	0	0	0	1543	0	0	0	1	0	0	0	0	0	0	0	0	0	0	0	3	0	0	0	0	0	8	6	7	0	6	78	0	3	3	12	340	10	0	0	0	0	37	0	2	16	0	0	11	0	74	0	0	0	0	0	0	0	0	1	0	58	4	0	0	0	0	0	0	49	2	0	0	0	0	0	101	0	0	0	0	75	91	0	0	0	3	2	3920	19	0	0	39	762	1	0	0	0	53	27	0	0	0	0	0	0	131	64	0	9	44	1	289	0	17637
TARA_B100001564	0	0	0	0	7631	0	0	0	0	122	0	0	0	4040	0	0	0	0	9375	0	0	2	0	96	0	8031	0	0	0	1	16	0	0	1	0	0	1	0	0	4	3255	0	20	2	0	1	2	0	121	0	62222	0	0	82	1	0	0	0	0	1	892	0	0	0	3	0	0	0	0	0	0	4	0	0	0	0	0	0	0	0	0	0	32	46	1	0	7	44	0	1	1	4	453	0	0	1	0	0	7	0	8	98	0	0	3	0	63	0	3	0	1	0	0	0	0	2	0	29	1	0	0	0	0	0	0	2	2	0	0	0	0	0	42	0	0	0	0	199	142	1	0	0	4	0	972	2	1	0	9	135	172	0	0	0	17	24	4	0	0	0	0	0	39	47	0	16	9	1	254	0	24202
TARA_B100001179	0	23	0	0	2973	0	0	0	0	14643	21	0	1181	1837	0	0	0	0	2712	2	0	3	1	2937	0	175	0	5	0	0	29	0	0	535	14	9	0	0	0	43	7313	0	784	73	0	167	179	0	884	59	51046	0	95	2	22	0	0	0	0	0	773	0	0	0	23	0	0	0	0	0	0	1	0	0	0	0	0	0	0	0	0	0	0	0	0	0	0	65	0	0	0	3	6	0	0	0	0	0	4	0	1	111	0	0	0	0	7	0	0	0	1	0	0	0	0	0	0	16	1	0	0	0	0	0	0	187	9	0	0	1	0	0	10	0	1	0	0	26	61	0	0	0	5	0	2075	0	0	0	10	628	10	0	0	0	19	2	0	0	0	0	0	0	5	4	0	0	3	4	10	0	15424
TARA_B100001175	0	0	0	0	6112	0	0	0	0	2328	0	0	10	2582	0	0	0	0	9476	0	0	3	2	476	0	7835	0	0	0	0	53	0	0	34	11	0	0	0	0	11	3419	0	280	1	0	12	20	0	286	34	54812	0	14	182	0	0	0	0	1	1	845	0	0	0	3	0	0	0	0	0	0	1	0	0	0	0	0	0	0	0	0	0	35	61	12	0	6	27	0	8	0	6	357	4	0	0	0	0	24	3	5	72	0	0	0	0	125	0	0	0	1	0	0	0	0	0	0	10	2	0	0	0	0	0	0	50	0	0	0	0	0	0	50	0	0	0	1	133	237	1	0	0	2	2	2776	6	0	0	21	728	2	0	0	0	44	90	5	0	2	0	0	0	113	54	0	27	15	1	409	0	22925
TARA_B100001173	0	0	0	0	4223	0	0	0	0	1306	0	0	6	2226	0	0	0	0	7939	0	0	0	0	269	0	8595	0	1	0	1	70	0	0	20	15	0	3	0	0	3	2527	0	114	1	0	0	12	0	122	13	44241	0	1	140	2	0	0	0	1	1	494	0	0	0	2	0	0	0	0	0	0	0	0	0	0	0	0	0	0	0	0	0	20	26	8	0	3	6	0	0	1	0	384	0	0	0	0	0	5	3	2	34	0	0	0	0	105	0	0	0	6	0	0	0	0	0	0	63	0	0	0	0	0	0	2	2	1	0	0	0	0	0	23	0	1	0	0	141	89	0	0	0	2	1	977	3	0	0	11	16	111	0	0	0	19	71	6	0	1	0	0	1	55	33	0	20	8	0	341	0	18022
TARA_B110000008	0	0	0	0	3620	0	0	0	0	344	0	0	2	1765	0	0	0	0	7048	0	0	0	0	25	0	8456	0	2	0	0	2	0	0	1	7	0	0	1	0	10	1310	0	47	0	0	0	0	0	44	0	48787	0	0	64	0	0	1	0	2	0	647	0	0	0	0	0	0	0	0	0	0	2	0	0	0	0	0	0	0	0	0	0	50	3	0	0	4	16	0	0	2	5	482	0	0	0	0	0	28	0	7	50	0	0	0	0	81	1	0	0	0	0	0	0	0	0	0	30	4	0	0	0	0	3	1	1	0	0	0	0	0	0	11	0	0	0	0	97	55	0	0	0	0	0	1321	1	1	0	16	208	2	0	0	0	27	34	0	4	0	0	0	0	193	246	0	105	1	0	244	0	20208
TARA_B110000014	0	3	0	0	2859	0	0	0	0	8169	5	0	391	1390	0	0	0	0	3347	0	0	1	4	1386	0	304	0	5	0	0	17	0	0	234	20	2	0	0	0	118	4292	0	786	11	0	1	84	0	713	32	32684	0	1	191	1	0	0	0	1	0	926	0	0	0	0	0	0	0	0	1	0	13	0	0	0	0	11	0	0	0	0	0	0	2	2	0	2	59	0	0	0	3	33	2	0	0	0	0	3	1	0	207	0	0	2	0	26	1	0	0	0	0	0	0	1	0	0	69	1	0	0	0	0	0	0	20	3	0	1	0	0	0	13	1	0	1	0	33	28	0	0	0	2	0	681	0	0	0	13	1578	0	0	0	0	87	8	0	0	0	0	0	0	19	1	1	1	15	2	58	0	11724
TARA_B110000003	0	0	0	0	3385	0	0	0	0	474	0	0	3	2262	0	0	0	0	15681	0	0	0	1	20	0	24176	0	2	0	0	8	0	0	2	4	0	0	0	0	9	1906	0	126	0	0	0	7	0	62	0	50699	0	0	42	1	0	0	0	1	0	1298	0	0	0	0	0	0	0	0	0	0	14	0	0	0	0	1	0	0	0	0	0	93	15	0	0	8	1	0	2	8	0	440	0	0	0	0	0	34	0	1	122	0	0	0	0	21	1	2	0	0	0	0	0	0	0	0	8	18	0	0	0	0	2	3	55	3	0	0	0	0	0	15	0	0	0	0	317	64	0	0	0	3	0	231	0	0	0	23	30	2	1	0	2	16	53	0	0	3	0	0	0	135	347	0	96	0	1	262	6	27668
TARA_B110001452	0	0	0	0	4098	0	0	0	0	0	0	0	0	266	0	0	0	0	13653	0	0	1	0	0	0	8050	0	1	0	0	0	0	0	0	0	0	0	0	0	0	361	0	1	0	0	0	0	0	0	0	29653	0	0	0	0	0	0	0	0	0	141	0	0	0	0	0	0	0	0	0	0	1	0	0	0	0	0	0	0	0	0	0	18	453	0	0	13	4	0	0	1	1	4547	1	0	0	0	0	3	1	0	834	0	0	18	0	79	1	0	0	15	0	0	0	0	0	0	13	11	0	0	0	0	0	0	0	0	0	0	0	0	0	47	0	0	0	0	332	25	1	0	0	7	0	64	0	0	0	49	206	0	0	0	0	51	16	0	1	3	0	0	0	203	0	0	88	5	0	354	0	11961
TARA_B110001454	0	0	0	0	1837	0	0	0	0	4911	8	0	109	525	0	0	0	0	3278	0	0	6	1	555	0	462	0	0	0	4	6	0	0	124	21	4	0	0	0	78	2769	0	557	9	1	16	71	0	505	0	20242	0	1	17	2	1	0	0	7	13	696	0	0	0	1	0	0	0	0	42	0	1	0	0	0	0	3	0	0	0	0	0	4	112	0	0	1	82	0	0	0	0	124	0	51	0	0	0	10	3	3	919	0	0	403	0	28	6	0	0	123	0	0	0	0	0	0	222	10	0	0	0	0	0	20	14	0	0	0	0	0	0	10	0	0	0	0	45	34	0	0	0	5	0	1013	0	0	0	47	3621	5	0	0	1	19	6	0	2	0	0	0	0	7	2	0	5	1	0	177	0	14120
TARA_B110001450	0	0	0	0	438	0	0	0	0	5	0	0	0	264	0	0	0	0	16440	0	0	1	0	1	0	14022	0	0	0	0	0	0	0	0	0	0	0	0	0	0	131	0	2	0	0	0	0	0	0	0	51108	0	0	1	0	0	0	0	0	0	1086	0	0	0	0	0	0	0	0	0	0	0	0	0	0	0	0	0	0	0	0	0	272	42	0	0	1	2	0	1	0	0	1834	2	0	0	0	0	41	2	0	272	0	0	32	0	0	4	0	0	3	0	0	0	0	0	0	18	5	0	0	0	0	0	0	1	1	0	0	0	0	0	81	0	0	0	0	3258	53	0	0	0	30	0	116	0	0	0	11	24	0	0	0	0	33	17	0	6	13	0	0	0	45	2	0	70	33	0	518	0	22129
TARA_B110000196	0	0	0	0	2808	0	0	0	0	5563	2	0	120	1047	0	0	0	0	5404	0	0	3	0	1108	0	2556	0	2	0	0	3	0	0	283	8	0	0	0	0	50	5014	0	1079	12	0	0	186	0	1233	0	53413	0	0	497	0	0	0	0	1	3	1711	0	0	0	1	0	0	0	1	0	0	6	0	0	0	0	62	0	0	0	0	0	7	20	2	0	1	278	0	7	1	2	4075	1	0	0	0	0	63	0	0	920	0	0	12	0	4	2	0	0	0	0	0	0	0	0	0	44	12	0	0	0	0	2	0	60	4	0	0	1	0	0	149	0	0	0	0	498	263	1	2	1	41	1	3547	6	2	0	44	992	11	0	1	0	202	135	0	0	18	0	0	2	83	3	4	3	19	0	258	0	28089
TARA_B110001469	0	0	0	0	42	0	0	0	0	309	0	0	6	80	0	0	0	0	16604	0	0	0	0	18	0	55578	0	0	0	0	1	0	0	4	4	0	0	0	0	49	74	0	35	2	0	0	6	0	39	0	67811	0	0	27	1	0	0	0	0	0	8337	0	0	0	0	0	0	0	0	0	0	1	0	0	0	0	0	0	0	0	0	0	106	13	2	0	0	7	0	17	0	0	14055	1	0	0	0	0	675	0	0	129	0	0	3	0	0	1	0	0	2	0	0	0	0	1	0	2	6	0	0	0	0	2	0	2	1	0	0	0	0	0	535	0	0	0	0	3583	180	1	1	0	13	0	483	0	0	0	486	40	0	0	0	0	24	165	0	0	34	0	0	0	93	0	0	74	21	0	280	0	50403
TARA_B110000046	0	0	0	0	157	0	0	0	0	0	0	0	0	189	0	0	0	0	36211	0	0	0	0	0	0	7242	0	0	0	1	2	0	0	0	0	0	0	0	0	1	391	0	1	0	0	0	2	0	64	0	61910	0	0	0	1	0	0	0	0	1	21	0	0	0	2	0	0	1	0	0	0	0	0	0	0	0	0	0	0	3	0	0	241	231	16	0	9	1	0	3	28	5	2336	0	2	1	0	0	57	1	5	49	0	0	52	0	0	0	4	0	0	0	0	0	6	0	0	2	85	0	0	0	0	0	3	1	0	0	0	0	0	0	247	0	0	1	0	1255	278	0	0	1	12	1	496	1	1	0	845	8	1	1	0	0	69	329	0	17	8	0	0	0	160	0	0	49	57	0	563	0	23531
TARA_B110000037	0	0	0	0	224	0	0	0	0	424	0	0	1	478	0	0	0	0	21053	0	0	1	0	1	0	1718	0	1	0	0	1	0	0	3	0	0	0	0	0	1	350	0	98	0	0	1	15	0	63	0	48688	0	0	10	0	0	0	0	0	0	1303	0	0	0	0	0	0	1	0	1	0	0	0	0	0	0	0	0	0	0	0	0	21	47	12	0	0	2	0	3	1	0	423	0	1	0	0	0	27	4	17	71	0	0	32	0	0	0	24	0	0	0	0	0	6	3	0	18	162	0	0	0	0	0	3	4	1	0	0	0	0	0	56	0	0	1	0	600	123	1	0	0	12	1	585	0	0	0	398	1	1	3	0	0	12	42	0	4	5	0	0	0	122	7	0	3	6	0	290	0	17669
TARA_B110000027	0	0	0	0	4	0	0	0	0	0	0	0	0	92	0	0	0	0	32330	0	0	0	0	0	0	1668	0	0	0	0	1	0	0	0	0	0	0	0	0	0	13	0	0	0	0	0	0	0	3	0	55609	0	0	0	0	0	0	0	0	0	4	0	0	0	0	0	0	0	0	0	0	0	0	0	0	0	0	0	0	1	0	0	15	115	0	0	0	1	0	0	1	1	628	0	0	0	0	0	23	2	0	30	0	0	4	0	0	0	0	0	0	0	0	0	0	1	0	0	38	0	0	0	0	0	0	3	1	0	0	0	0	0	36	0	0	0	0	254	164	0	0	0	7	1	1001	0	0	0	579	2	0	1	0	0	19	38	0	5	3	0	0	0	31	0	0	1	2	0	287	0	27818
TARA_B110000093	0	0	0	0	291	0	0	0	0	492	0	0	5	413	0	0	0	0	22820	0	0	0	0	59	0	6634	0	0	0	0	2	0	0	35	0	0	0	0	0	2	475	0	79	0	0	0	15	0	111	0	52455	0	0	11	0	0	0	0	0	0	552	0	0	0	0	0	0	0	0	0	0	0	0	0	0	0	0	0	0	0	0	0	49	0	0	0	2	220	0	1	0	0	1611	0	0	0	0	0	371	0	4	112	0	0	1	0	14	0	1	0	0	0	0	0	0	1	0	23	9	0	0	0	0	3	0	27	0	0	0	0	0	0	19	0	0	0	0	965	55	0	0	0	7	0	157	0	0	0	165	26	1	0	0	0	6	7	0	1	4	0	0	0	6	1	0	83	5	0	642	0	20783
TARA_B110000091	0	0	0	0	277	0	0	0	0	438	2	0	0	221	0	0	0	0	26932	0	0	2	0	33	0	2563	0	0	0	16	1	0	1	10	7	1	0	0	1	19	346	1	95	0	1	8	13	2	156	0	80856	0	0	15	0	0	0	0	0	0	72	0	0	0	0	0	0	0	0	0	0	0	0	0	0	0	0	0	0	0	0	0	14	4	0	0	1	9	0	0	0	0	281	0	0	0	0	0	143	1	11	81	0	2	1	0	1	0	1	0	12	0	0	0	0	2	0	1	2	0	0	0	0	10	1	0	0	0	0	0	0	0	13	0	0	0	0	813	62	0	1	0	6	0	64	0	0	0	116	5	0	0	1	1	42	30	0	3	14	0	0	0	42	0	0	423	3	0	567	17	22130
TARA_B110000090	0	0	0	0	3	0	0	0	0	107	0	0	0	213	0	0	0	0	29805	0	0	0	0	0	0	4046	0	0	0	0	0	0	1	2	3	0	0	0	0	0	40	0	10	0	1	1	2	0	16	0	80571	0	0	1	0	0	0	0	0	2	8	0	0	0	0	0	0	0	0	0	0	0	0	0	0	0	0	0	0	0	0	0	7	1	0	0	0	1	0	5	0	0	140	0	0	0	0	0	9	1	1	14	0	0	2	0	1	0	0	0	0	0	0	0	0	0	0	0	0	0	0	0	0	0	0	2	0	0	0	0	0	0	18	0	0	0	0	268	42	1	0	0	8	0	68	0	0	0	56	0	0	0	0	0	38	49	0	1	16	0	0	0	21	0	0	384	11	0	653	0	24430
TARA_B110000114	0	0	0	0	1	0	0	0	0	9	0	0	0	596	0	0	0	0	40849	0	0	0	0	0	0	6064	0	0	0	0	0	0	0	0	0	0	0	0	0	0	14	0	0	0	0	0	1	0	0	0	70672	0	0	0	0	0	0	0	0	0	53	0	0	0	0	0	0	0	0	0	0	2	0	0	0	0	0	0	0	0	0	0	47	0	0	0	0	0	0	0	0	0	607	0	0	0	0	0	101	0	0	242	0	0	0	0	0	0	0	0	0	0	0	0	0	0	0	0	3	0	0	0	0	0	0	1	0	0	0	0	0	0	4	0	0	0	0	286	28	0	0	0	0	0	159	0	0	0	61	0	0	0	0	0	0	0	0	0	6	0	0	0	1	0	0	4	0	0	444	0	28489
TARA_B110000116	0	0	0	0	2736	0	0	0	0	4353	2	0	228	940	0	0	0	0	10311	0	0	4	1	1501	0	1854	0	0	0	0	8	0	0	438	7	1	0	0	0	63	4527	0	788	8	0	10	228	0	1059	1	39095	0	0	75	0	0	0	0	0	1	1089	0	0	0	4	0	0	0	0	0	0	1	0	0	0	0	1	0	0	0	0	0	18	2	0	0	13	38	0	2	0	1	268	0	0	0	0	0	15	0	6	142	0	0	1	0	82	4	0	0	0	0	0	0	0	1	0	101	8	0	0	0	0	10	0	98	3	0	0	0	0	0	77	0	0	0	0	258	180	2	7	0	28	0	2628	2	0	0	37	607	0	0	0	1	42	20	0	0	6	0	0	0	15	5	0	7	10	0	1327	2	22653
TARA_B110000208	0	0	0	0	0	0	0	0	0	12	0	0	0	143	0	0	0	0	28873	0	0	0	0	2	0	8873	0	0	0	0	0	0	0	1	0	0	0	0	0	0	8	0	0	0	0	0	0	0	1	0	63842	0	0	1	0	0	0	0	0	1	716	0	0	0	0	0	0	0	0	0	0	0	0	0	0	0	0	0	0	0	0	0	11	1	0	0	48	1	0	62	1	1	650	0	0	0	0	0	147	0	3	1005	0	0	76	0	646	0	0	0	1	0	0	0	0	0	0	5	66	0	0	0	0	0	1	6	0	0	0	0	0	0	673	0	0	0	0	922	25	1	0	0	2	0	31	0	0	0	496	0	0	0	0	0	121	229	0	0	6	0	0	0	1414	0	0	419	23	0	393	0	29905
TARA_B110000503	0	0	0	0	1	0	0	0	0	2	0	0	0	6559	0	0	0	0	20434	0	0	2	1	0	0	3266	0	0	0	0	0	0	0	0	0	0	0	0	0	0	1	0	1	0	1	1	0	0	29	0	55309	0	3	0	0	0	0	0	0	1	85	0	0	0	0	0	0	0	0	0	0	1	0	0	0	0	0	0	0	0	0	0	56	49	0	0	0	2	0	3	0	0	522	0	0	0	0	0	188	0	26	62	0	0	13	0	5	2	0	0	0	0	0	0	0	0	0	7	2	0	0	0	0	1	0	5	1	0	0	0	0	0	141	0	0	0	0	3464	270	3	4	0	27	2	222	0	0	0	486	10	1	0	0	0	4	18	0	0	24	0	0	0	35	0	117	12	2	0	908	1	20634
TARA_B110000211	0	0	0	0	1381	0	0	0	0	115	1	0	1	635	0	0	0	0	23268	0	0	10	0	4	0	1287	0	0	0	37	1	0	3	8	14	1	0	0	0	28	143	0	39	0	0	1	0	0	185	0	83114	0	0	0	0	0	0	0	1	1	173	0	0	0	0	0	0	0	0	0	0	0	0	0	0	0	0	0	0	0	1	0	4	1	1	0	1	13	0	5	0	0	616	0	0	0	0	0	77	0	256	924	0	0	12	0	7	0	5	0	3	0	9	0	10	0	0	26	41	0	0	0	0	8	0	4	2	0	0	0	0	0	536	0	0	0	0	635	265	3	0	0	15	2	495	1	1	0	354	8	2	0	0	12	97	95	0	1	8	0	0	0	714	0	2	287	13	0	466	1	20508
TARA_B110000240	0	0	0	0	718	0	0	0	0	1091	4	1	7	405	0	0	0	0	25587	0	0	0	0	158	0	11179	0	0	0	1	3	0	0	76	14	1	0	0	0	24	760	0	216	0	1	8	18	0	164	0	51758	0	1	13	0	0	0	0	0	0	207	0	0	0	0	0	0	0	0	0	0	0	0	0	0	0	0	0	0	0	0	0	1	0	0	0	0	1	0	1	0	0	218	0	0	0	0	0	27	0	122	163	0	0	0	0	4	0	31	0	20	0	1	0	0	1	0	9	11	0	0	0	0	3	0	12	2	0	0	0	0	0	8	0	0	0	0	857	24	0	0	0	1	0	88	0	0	0	11	20	0	0	0	2	18	12	0	1	2	0	0	0	3	0	0	7	0	0	601	22	33323
TARA_B110000238	0	0	0	0	56	0	0	0	0	100	5	0	1	341	0	0	0	0	33733	0	0	0	0	2	0	16700	0	0	0	0	2	0	1	4	13	0	0	0	0	2	67	0	13	0	0	19	7	0	13	0	69633	0	0	4	0	0	0	0	0	0	62	0	0	0	0	0	0	0	0	0	0	1	0	0	0	0	0	0	0	0	0	0	14	1	0	0	1	2	0	0	0	0	263	0	0	0	0	0	17	0	41	122	2	0	2	0	0	0	0	0	0	0	0	0	0	1	0	0	1	0	0	0	0	2	0	7	1	0	0	0	0	0	3	0	0	0	0	2757	19	0	0	0	3	0	30	0	0	0	34	0	0	0	0	0	5	9	0	2	5	0	0	0	3	0	0	0	0	0	779	11	41779
TARA_B110000261	0	0	0	0	6	0	0	0	0	5	0	0	0	114	0	0	0	0	15640	0	0	0	0	1	0	15273	0	0	0	0	0	0	1	0	0	0	0	0	0	0	18	0	1	0	0	0	7	0	2	0	55352	0	0	0	0	0	0	0	0	0	9	0	0	0	0	0	0	0	0	0	0	1	0	0	0	0	0	0	0	0	0	0	235	3	1	0	0	1	0	2	6	0	1389	0	0	0	0	0	84	0	0	76	0	0	0	0	0	0	0	0	0	0	0	0	0	2	0	0	6	0	0	0	0	0	0	2	2	0	0	0	0	0	58	0	0	0	0	1219	165	1	0	0	12	2	269	0	0	0	770	4	0	0	0	0	23	139	0	0	6	0	0	0	16	0	0	14	11	0	857	0	31665
TARA_B110000263	0	0	0	0	3506	0	0	0	0	6079	4	0	348	1325	0	0	0	0	4225	0	0	7	0	2328	0	261	0	1	0	7	7	0	2	434	17	3	0	0	0	136	5522	0	942	21	0	2	231	0	1061	3	32209	0	3	101	2	0	0	0	1	1	1104	0	0	0	0	0	0	0	0	0	0	1	0	0	0	0	5	0	0	0	0	0	9	4	1	0	2	65	0	1	0	1	29	0	0	0	0	0	11	0	0	45	0	0	14	0	0	1	0	0	2	0	0	0	0	0	0	25	106	0	0	0	0	2	0	140	1	0	0	0	0	0	35	0	0	0	0	188	135	0	1	0	7	0	3535	3	0	0	17	327	0	0	0	0	53	56	0	1	8	0	0	0	12	6	0	3	6	0	107	0	21152
TARA_B110000259	0	0	0	0	29	0	0	0	0	3	0	0	0	1411	0	0	0	0	23229	0	0	0	0	2	0	8756	0	0	0	0	2	0	0	0	1	0	0	0	0	0	5	0	0	0	0	1	0	0	5	0	65202	0	0	0	0	0	0	0	2	1	15	0	0	0	0	0	0	0	0	0	0	2	0	0	0	0	0	1	0	1	0	0	118	14	0	0	0	0	0	2	3	1	1369	0	0	0	0	0	47	0	16	138	0	0	0	0	0	0	0	0	0	0	0	0	0	3	0	0	0	0	0	0	0	1	1	5	1	0	0	0	0	0	69	0	0	0	0	2061	223	0	0	0	7	1	234	0	0	0	819	0	0	0	1	1	18	102	0	7	10	0	0	0	34	0	0	3	25	0	358	1	29243
TARA_B110000285	0	0	0	1	29	0	0	0	0	83	9	0	52	1379	0	1	0	1	18291	2	0	4	1	50	0	2242	3	4	3	3	9	0	7	23	5	16	21	0	13	46	30	1	11	22	10	21	2	1	180	0	32433	5	1	11	3	0	0	0	1	1	1301	0	0	0	0	0	0	0	0	0	0	0	0	0	0	0	0	0	0	0	0	0	18	11	0	0	7	35	0	0	0	0	66	0	0	3	0	1	197	1	8	135	0	1	15	0	65	9	3	0	23	0	0	0	0	0	4	10	17	1	0	0	0	12	0	6	3	0	0	0	0	0	132	0	0	1	0	4546	339	12	2	0	13	5	459	0	0	0	168	4	1	0	0	0	35	0	0	1	1	0	0	0	161	0	0	42	0	0	1208	0	17136
TARA_B110000977	0	0	0	0	7	0	0	0	0	0	0	0	0	976	0	0	0	0	19371	0	0	0	0	1	0	8988	0	0	0	0	1	0	0	0	9	0	0	0	0	1	4	0	0	0	0	1	0	0	2	0	36258	0	1	0	0	0	0	0	0	0	332	0	0	0	0	0	0	0	0	0	0	3	0	0	0	0	0	0	0	0	0	0	41	23	2	0	52	2	0	3	22	9	605	0	0	0	0	0	208	14	83	4277	0	0	70	0	692	1	0	0	18	0	0	0	46	0	0	1	120	0	0	0	0	3	0	0	0	0	0	1	0	0	177	0	0	0	0	2323	149	0	0	0	5	0	156	0	0	0	185	3	0	2	0	0	45	246	0	24	14	0	0	0	339	0	1	161	7	0	865	3	17450
TARA_B110000967	0	0	0	0	1114	0	0	0	0	23	2	0	0	903	0	0	0	0	26109	0	0	0	0	0	0	7126	0	0	0	11	2	0	0	0	9	0	0	0	0	14	233	0	16	0	0	2	0	0	22	0	78944	0	2	0	0	0	0	0	0	0	1048	0	0	0	0	0	0	0	0	0	0	7	0	0	0	0	0	0	0	0	0	0	42	0	0	0	1	4	0	6	9	2	323	0	0	0	0	0	360	0	26	429	0	0	52	0	13	0	3	0	0	0	0	0	0	1	0	36	147	0	0	0	0	0	0	5	6	0	0	0	0	0	129	0	0	0	0	2169	42	1	0	0	0	0	165	0	0	0	252	35	0	1	0	1	131	100	0	402	2	0	0	0	378	0	0	77	6	0	886	2	29678
TARA_B110000971	0	0	0	0	39	0	0	0	0	3	2	0	2	2858	0	0	0	0	29637	0	0	0	0	0	0	10537	0	0	0	0	24	0	61	1	2	0	0	0	0	2	3	0	0	0	0	5	0	0	9	0	80394	0	2	0	0	0	0	0	0	0	123	0	0	0	0	0	1	0	0	0	0	5	0	0	0	0	0	0	0	0	0	0	77	21	6	0	5	6	0	5	101	14	1794	0	0	0	1	0	754	0	3	463	0	0	59	0	2	4	1	0	0	0	0	0	0	0	0	2	21	0	0	0	1	7	4	9	10	0	0	0	0	0	334	0	0	1	0	1831	124	0	0	1	83	0	414	0	0	0	430	21	1	0	6	1	370	1420	0	29	206	0	0	0	330	0	0	195	19	0	1224	4	37280
TARA_B110000305	0	0	1	1	1068	0	0	0	0	34	5	0	1	2052	0	0	0	1	19906	0	1	0	0	3	1	10191	0	0	0	3	1	0	1	4	4	1	0	0	1	9	56	4	13	2	5	37	18	0	17	0	63155	0	5	0	1	1	0	0	2	1	1901	0	0	0	0	0	0	0	0	0	0	2	0	0	0	0	0	0	0	0	0	0	142	12	4	0	1	0	0	1	3	3	476	0	0	1	1	0	99	1	26	133	0	0	10	0	10	1	0	0	0	0	0	0	0	6	0	7	10	0	0	1	0	1	0	1	3	0	0	0	0	0	50	0	0	0	0	3989	242	1	0	0	12	2	266	0	0	0	182	5	0	0	0	0	12	31	0	1	19	0	0	0	24	11	19	13	2	0	710	1	28026
TARA_B110000908	0	0	0	0	598	0	0	0	0	26	5	0	0	654	0	0	0	0	33092	0	0	0	0	0	0	3229	0	0	0	5	2	0	2	0	87	0	0	0	0	199	24	0	8	0	0	1	0	0	26	0	65724	0	0	0	0	0	0	0	1	0	2001	0	0	0	1	0	0	0	0	0	0	3	0	0	0	0	0	0	0	0	0	0	12	6	4	0	3	13	0	11	2	0	259	0	0	0	0	0	151	0	85	1754	0	0	0	0	31	1	38	0	5	0	6	1	2	0	0	105	42	0	0	0	0	24	0	109	2	0	0	0	0	0	276	0	0	0	0	1651	275	4	1	0	5	2	427	1	2	0	430	136	1	1	0	0	65	265	0	20	7	0	1	0	534	0	0	101	14	0	1490	8	19520
TARA_B110000914	0	0	0	0	3155	0	0	0	0	1738	2	0	5	802	0	0	0	0	10521	0	0	0	0	79	0	713	0	0	0	5	5	0	4	23	24	1	0	0	0	107	1068	0	583	0	1	1	29	0	337	0	37642	0	0	15	0	0	0	0	1	0	1081	0	0	0	3	0	0	0	0	0	0	1	0	0	0	0	0	0	0	0	0	0	3	2	0	0	7	262	0	22	1	1	505	0	0	0	0	0	226	0	27	188	0	0	0	0	39	25	1	0	0	0	1	0	1	2	0	76	43	0	0	0	0	7	0	263	10	0	0	0	0	0	373	0	0	0	0	1115	493	1	5	0	32	6	1935	5	2	0	38	1425	3	0	0	2	69	401	0	11	3	0	0	0	249	3	0	49	17	0	248	1	17379
TARA_B110000902	0	0	0	0	1619	0	0	0	0	16	0	0	0	408	0	0	0	0	42193	0	0	0	0	0	0	10291	0	1	0	6	3	0	7	0	8	0	0	0	0	44	95	0	11	0	0	0	0	0	16	0	66077	0	1	1	0	0	0	0	1	0	306	0	0	0	0	0	0	0	0	0	0	3	0	0	0	0	0	0	0	0	0	0	20	1	1	0	3	16	0	18	12	1	912	0	0	0	0	0	249	0	13	1979	0	0	0	0	41	17	2	0	0	0	0	0	0	0	0	6	75	0	0	0	0	0	0	2	3	0	0	0	0	0	255	0	0	0	0	1819	49	0	0	0	7	1	113	1	0	0	1909	5	0	2	0	0	62	195	0	134	9	0	0	0	518	0	0	174	9	0	1410	1	28894
TARA_B110000881	0	0	0	0	4304	0	0	0	0	3631	5	0	2	903	0	0	0	0	13194	0	0	0	0	112	0	544	0	1	0	6	8	0	0	55	84	2	0	0	0	142	1656	0	1132	0	1	2	28	0	593	0	47003	0	2	26	0	0	1	0	1	0	1300	0	0	0	0	0	0	0	0	0	0	0	0	0	0	0	0	0	0	0	0	0	0	1	1	0	14	213	0	11	0	0	78	0	4	0	0	0	226	0	66	759	0	0	4	0	231	1	1338	0	10	1	0	0	0	2	0	162	8	0	0	2	0	7	0	84	3	0	0	0	0	0	226	0	0	1	0	432	438	1	2	0	11	5	1348	1	2	0	37	1387	2	0	0	0	68	155	0	5	0	0	0	0	324	1	0	60	24	0	350	2	23102
TARA_B110000879	0	0	0	0	450	0	0	0	0	37	14	0	0	1014	0	0	0	0	38182	0	0	0	0	2	0	2073	0	0	0	2	1	0	0	0	93	0	0	0	0	73	46	0	12	0	0	1	0	0	7	0	67248	0	0	0	0	0	0	0	0	0	1398	0	0	0	0	0	0	0	0	0	0	0	0	0	0	0	0	0	0	0	0	0	4	0	0	0	0	7	0	1	1	0	67	0	0	0	0	0	20	0	94	38	0	0	4	0	25	0	0	0	1	0	0	0	0	0	0	8	3	0	0	0	0	5	0	1	2	0	0	0	0	0	47	0	0	0	0	674	56	1	1	0	1	0	94	0	0	0	82	11	0	0	0	0	49	54	0	9	4	0	0	0	148	1	0	146	5	0	418	2	17915
TARA_B110000495	0	0	1	0	3224	0	0	0	0	7285	4	0	8	1213	0	0	0	0	8816	0	0	4	0	283	0	436	0	0	0	3	7	0	0	44	2	9	1	0	0	54	2373	1	2300	0	0	4	134	1	807	0	44534	0	2	60	0	0	0	0	4	0	1840	0	1	0	0	0	0	0	0	0	0	5	0	0	0	0	0	0	0	0	0	0	3	20	1	0	7	185	0	10	2	1	133	0	0	0	0	0	184	0	1	38	0	0	12	0	151	0	2	0	0	0	0	0	0	0	0	18	7	0	0	0	0	1	1	96	2	0	0	0	0	0	300	0	0	0	0	329	355	1	3	0	11	4	2571	3	6	0	20	266	0	0	0	1	111	298	0	1	7	0	0	0	178	33	0	24	12	0	117	2	25445
TARA_B110000483	0	0	0	0	1586	0	0	0	0	185	0	0	1	1727	0	0	0	0	16708	0	0	0	0	4	0	6326	0	0	0	8	0	0	0	1	0	0	0	0	0	1	251	0	25	0	0	2	55	0	25	0	55251	0	0	0	0	0	0	0	1	0	1800	0	0	0	0	0	0	0	0	0	0	2	0	0	0	0	0	0	0	0	0	0	62	32	0	0	4	14	0	1	7	0	741	0	0	0	0	0	70	0	0	1	0	0	0	0	0	0	1	0	0	0	0	0	0	1	0	0	1	0	0	0	0	1	1	1	2	0	0	0	0	0	113	0	0	0	0	764	255	0	1	0	7	2	707	0	2	0	38	5	0	0	0	1	18	145	0	2	13	0	0	0	80	13	0	33	8	0	176	0	21882
TARA_B110000858	0	0	0	0	140	0	0	0	0	27	1	0	0	826	0	0	0	0	13671	0	0	0	0	1	0	278	0	0	0	1	0	0	0	0	2	0	0	0	0	3	1178	0	4	0	0	4	4	0	10	0	36266	0	0	0	0	0	0	0	1	0	293	0	0	0	0	0	0	0	0	0	0	0	0	0	0	0	0	0	0	0	0	0	7	7	0	0	2	4	0	1	0	0	13	0	0	0	0	0	1	0	4	6	0	0	0	0	0	1	0	0	0	0	0	0	0	0	0	3	0	0	0	0	0	0	0	2	1	0	0	0	0	0	9	0	0	0	0	201	27	0	0	0	1	0	68	0	0	0	5	0	0	0	0	0	0	2	0	0	1	0	0	0	3	2	0	2	2	0	6	0	11703
TARA_B110000467	0	0	0	0	1864	0	0	0	0	8541	2	0	1	1098	0	0	0	0	6600	0	0	2	0	101	0	585	0	0	0	0	28	0	0	38	0	1	0	0	0	18	1703	1	1947	0	2	12	84	0	413	0	43572	0	1	7	1	0	0	0	0	0	1340	0	0	0	2	0	0	0	0	0	0	14	0	0	0	0	2	0	0	0	0	0	7	18	0	0	1	87	0	3	0	0	66	0	0	0	0	0	95	1	15	327	0	0	0	0	7	16	0	0	0	0	0	0	1	0	0	5	11	0	0	0	0	0	0	56	0	0	0	0	0	0	128	0	0	0	0	256	152	0	1	0	6	2	1346	2	2	0	38	904	6	0	0	0	82	171	0	0	3	0	0	0	164	25	0	43	15	0	125	0	20105
TARA_B110000459	0	0	0	0	2452	0	0	0	0	486	0	0	1	1266	0	0	0	0	21432	0	0	1	0	4	0	8529	0	0	0	6	0	0	1	0	1	0	0	0	0	2	279	0	94	0	0	5	44	2	96	0	51988	0	1	3	0	0	0	0	1	0	635	0	0	0	0	0	0	0	0	0	0	1	0	0	0	0	0	0	0	0	0	0	94	18	0	0	4	7	0	1	3	0	337	0	0	0	0	0	17	1	8	235	0	0	0	0	1	32	0	0	0	0	0	0	1	1	0	0	0	0	0	0	0	0	1	2	0	0	0	0	0	0	28	0	0	0	0	1779	212	0	0	0	5	1	329	0	1	0	63	3	3	0	0	0	6	19	0	1	3	0	0	0	44	10	0	22	6	0	258	0	22834
TARA_B110000438	0	0	0	0	1961	0	0	0	0	4694	0	0	20	515	0	0	0	0	2945	0	0	1	3	482	0	185	0	0	0	1	13	0	0	72	12	0	0	0	0	15	2219	0	868	5	0	9	92	0	359	1	25237	0	0	62	0	0	0	0	0	0	1104	0	0	0	0	0	0	0	0	0	0	0	0	0	1	0	9	0	0	0	0	0	4	25	4	0	4	80	0	1	0	1	37	0	1	1	0	0	19	0	9	197	0	0	21	0	27	5	0	0	3	0	0	0	0	0	0	25	7	1	0	0	0	0	0	20	3	0	0	0	0	0	53	0	0	0	0	94	65	0	2	0	22	0	2047	0	0	0	2	497	2	1	0	0	89	23	0	0	1	0	1	0	66	4	0	8	7	4	43	1	12448
TARA_B110000444	0	0	0	0	2612	0	0	0	0	603	0	0	0	1200	0	0	0	0	9133	0	0	0	0	37	0	3750	0	0	0	2	1	0	0	0	1	0	0	0	0	0	1098	0	92	0	0	0	21	0	61	0	42132	0	0	1	0	0	0	0	0	0	761	0	0	0	0	0	0	0	0	0	0	1	0	0	0	0	0	0	0	0	0	0	49	29	2	0	0	4	0	2	2	2	304	0	0	0	0	0	14	0	3	22	0	0	0	0	13	0	0	0	2	0	0	0	0	0	0	0	3	0	0	0	0	0	0	2	0	0	0	0	0	0	40	0	0	0	0	372	112	0	1	0	2	0	927	0	2	0	18	161	3	0	0	0	7	40	0	1	6	0	0	0	77	40	0	21	3	0	225	0	13753
